<TICKER>;<PER>;<DATE>;<TIME>;<CLOSE>;<VOL>
ROSB;D;20150112;00:00:00;42.0000000;150
ROSB;D;20150113;00:00:00;43.4000000;750
ROSB;D;20150114;00:00:00;43.9000000;580
ROSB;D;20150115;00:00:00;43.6000000;1220
ROSB;D;20150116;00:00:00;44.5000000;220
ROSB;D;20150119;00:00:00;44.6000000;1250
ROSB;D;20150120;00:00:00;45.8000000;1760
ROSB;D;20150122;00:00:00;45.1000000;2300
ROSB;D;20150123;00:00:00;44.8000000;860
ROSB;D;20150126;00:00:00;43.3000000;110
ROSB;D;20150127;00:00:00;45.0000000;640
ROSB;D;20150128;00:00:00;45.9000000;160
ROSB;D;20150129;00:00:00;46.9000000;310
ROSB;D;20150130;00:00:00;48.5000000;310
ROSB;D;20150202;00:00:00;47.4000000;160
ROSB;D;20150203;00:00:00;46.4000000;230
ROSB;D;20150204;00:00:00;47.1000000;140
ROSB;D;20150205;00:00:00;47.9000000;120
ROSB;D;20150206;00:00:00;48.2000000;340
ROSB;D;20150209;00:00:00;49.5000000;1060
ROSB;D;20150210;00:00:00;48.4000000;500
ROSB;D;20150211;00:00:00;49.0000000;110
ROSB;D;20150212;00:00:00;49.3000000;60
ROSB;D;20150213;00:00:00;49.0000000;1170
ROSB;D;20150216;00:00:00;48.4000000;50
ROSB;D;20150217;00:00:00;48.4000000;290
ROSB;D;20150218;00:00:00;48.1000000;30
ROSB;D;20150219;00:00:00;49.0000000;10
ROSB;D;20150220;00:00:00;49.8000000;130
ROSB;D;20150225;00:00:00;48.5000000;220
ROSB;D;20150226;00:00:00;49.4000000;20
ROSB;D;20150227;00:00:00;48.9000000;1120
ROSB;D;20150302;00:00:00;48.9000000;180
ROSB;D;20150303;00:00:00;48.9000000;180
ROSB;D;20150304;00:00:00;47.8000000;3220
ROSB;D;20150305;00:00:00;47.5000000;210
ROSB;D;20150306;00:00:00;47.3000000;60
ROSB;D;20150310;00:00:00;45.8000000;80
ROSB;D;20150311;00:00:00;47.9000000;1410
ROSB;D;20150313;00:00:00;46.1000000;70
ROSB;D;20150316;00:00:00;46.1000000;80
ROSB;D;20150317;00:00:00;47.8000000;1200
ROSB;D;20150318;00:00:00;47.7000000;870
ROSB;D;20150319;00:00:00;47.6000000;540
ROSB;D;20150320;00:00:00;49.5000000;860
ROSB;D;20150323;00:00:00;47.5000000;250
ROSB;D;20150324;00:00:00;47.4000000;10
ROSB;D;20150325;00:00:00;47.6000000;100
ROSB;D;20150326;00:00:00;49.4000000;130
ROSB;D;20150330;00:00:00;48.5000000;1530
ROSB;D;20150331;00:00:00;47.4000000;120
ROSB;D;20150401;00:00:00;46.6000000;80
ROSB;D;20150402;00:00:00;48.9000000;50
ROSB;D;20150403;00:00:00;49.1000000;150
ROSB;D;20150406;00:00:00;47.5000000;430
ROSB;D;20150407;00:00:00;46.8000000;620
ROSB;D;20150408;00:00:00;46.3000000;320
ROSB;D;20150409;00:00:00;46.3000000;110
ROSB;D;20150410;00:00:00;47.5000000;110
ROSB;D;20150413;00:00:00;47.8000000;20
ROSB;D;20150414;00:00:00;47.6000000;50
ROSB;D;20150415;00:00:00;46.2000000;180
ROSB;D;20150416;00:00:00;47.0000000;160
ROSB;D;20150417;00:00:00;45.5000000;2120
ROSB;D;20150420;00:00:00;46.1000000;190
ROSB;D;20150422;00:00:00;47.8000000;50
ROSB;D;20150423;00:00:00;48.0000000;850
ROSB;D;20150428;00:00:00;46.8000000;90
ROSB;D;20150429;00:00:00;47.7000000;10
ROSB;D;20150430;00:00:00;47.0000000;40
ROSB;D;20150505;00:00:00;47.4000000;70
ROSB;D;20150506;00:00:00;46.7000000;240
ROSB;D;20150507;00:00:00;46.0000000;260
ROSB;D;20150508;00:00:00;45.7000000;670
ROSB;D;20150512;00:00:00;45.2000000;1330
ROSB;D;20150513;00:00:00;47.9000000;1530
ROSB;D;20150514;00:00:00;46.5000000;90
ROSB;D;20150515;00:00:00;46.6000000;300
ROSB;D;20150518;00:00:00;46.8000000;320
ROSB;D;20150519;00:00:00;45.7000000;410
ROSB;D;20150520;00:00:00;47.0000000;110
ROSB;D;20150521;00:00:00;46.7000000;980
ROSB;D;20150522;00:00:00;46.7000000;140
ROSB;D;20150525;00:00:00;45.8000000;80
ROSB;D;20150526;00:00:00;45.5000000;40
ROSB;D;20150601;00:00:00;44.8000000;30
ROSB;D;20150602;00:00:00;46.5000000;130
ROSB;D;20150603;00:00:00;46.0000000;70
ROSB;D;20150604;00:00:00;45.2000000;170
ROSB;D;20150609;00:00:00;45.9000000;60
ROSB;D;20150610;00:00:00;45.4000000;10
ROSB;D;20150616;00:00:00;46.9000000;20
ROSB;D;20150617;00:00:00;46.4000000;40
ROSB;D;20150618;00:00:00;45.9000000;2000
ROSB;D;20150619;00:00:00;45.6000000;1810
ROSB;D;20150622;00:00:00;46.9000000;90
ROSB;D;20150624;00:00:00;45.5000000;460
ROSB;D;20150625;00:00:00;45.3000000;30
ROSB;D;20150626;00:00:00;46.0000000;130
ROSB;D;20150629;00:00:00;45.5000000;70
ROSB;D;20150701;00:00:00;45.0000000;290
ROSB;D;20150703;00:00:00;45.0000000;620
ROSB;D;20150706;00:00:00;45.2000000;30
ROSB;D;20150707;00:00:00;45.0000000;100
ROSB;D;20150708;00:00:00;45.3000000;40
ROSB;D;20150709;00:00:00;44.0000000;610
ROSB;D;20150710;00:00:00;44.2000000;30
ROSB;D;20150713;00:00:00;44.9000000;70
ROSB;D;20150717;00:00:00;46.5000000;140
ROSB;D;20150720;00:00:00;49.3000000;310
ROSB;D;20150721;00:00:00;46.4000000;2040
ROSB;D;20150722;00:00:00;46.0000000;940
ROSB;D;20150723;00:00:00;46.0000000;20
ROSB;D;20150724;00:00:00;45.2000000;60
ROSB;D;20150727;00:00:00;45.1000000;280
ROSB;D;20150728;00:00:00;46.7000000;470
ROSB;D;20150729;00:00:00;46.4000000;30
ROSB;D;20150730;00:00:00;46.9000000;30
ROSB;D;20150803;00:00:00;46.0000000;300
ROSB;D;20150804;00:00:00;46.0000000;150
ROSB;D;20150805;00:00:00;47.0000000;40
ROSB;D;20150807;00:00:00;45.9000000;140
ROSB;D;20150810;00:00:00;46.9000000;1900
ROSB;D;20150811;00:00:00;45.3000000;70
ROSB;D;20150812;00:00:00;46.1000000;50
ROSB;D;20150813;00:00:00;45.0000000;30
ROSB;D;20150814;00:00:00;46.0000000;300
ROSB;D;20150817;00:00:00;47.5000000;90
ROSB;D;20150818;00:00:00;46.1000000;40
ROSB;D;20150819;00:00:00;46.0000000;40
ROSB;D;20150820;00:00:00;45.7000000;160
ROSB;D;20150824;00:00:00;45.0000000;70
ROSB;D;20150825;00:00:00;45.0000000;750
ROSB;D;20150826;00:00:00;45.5000000;80
ROSB;D;20150827;00:00:00;45.5000000;10
ROSB;D;20150828;00:00:00;45.5000000;2810
ROSB;D;20150831;00:00:00;45.0000000;4620
ROSB;D;20150901;00:00:00;45.0000000;90
ROSB;D;20150902;00:00:00;45.0000000;1990
ROSB;D;20150903;00:00:00;45.1000000;80
ROSB;D;20150904;00:00:00;46.0000000;10
ROSB;D;20150907;00:00:00;45.9000000;1130
ROSB;D;20150908;00:00:00;45.0000000;160
ROSB;D;20150909;00:00:00;45.4000000;70
ROSB;D;20150910;00:00:00;45.4000000;50
ROSB;D;20150914;00:00:00;45.0000000;180
ROSB;D;20150915;00:00:00;46.0000000;520
ROSB;D;20150916;00:00:00;45.2000000;30
ROSB;D;20150918;00:00:00;44.5000000;170
ROSB;D;20150922;00:00:00;44.5000000;250
ROSB;D;20150924;00:00:00;44.4000000;30
ROSB;D;20150928;00:00:00;41.7000000;2200
ROSB;D;20150929;00:00:00;46.1000000;1020
ROSB;D;20150930;00:00:00;45.1000000;430
ROSB;D;20151001;00:00:00;45.9000000;50
ROSB;D;20151002;00:00:00;44.7000000;140
ROSB;D;20151005;00:00:00;45.1000000;30
ROSB;D;20151006;00:00:00;44.7000000;630
ROSB;D;20151007;00:00:00;44.1000000;350
ROSB;D;20151008;00:00:00;44.1000000;220
ROSB;D;20151009;00:00:00;44.0000000;70
ROSB;D;20151012;00:00:00;44.6000000;190
ROSB;D;20151013;00:00:00;44.2000000;60
ROSB;D;20151014;00:00:00;44.5000000;190
ROSB;D;20151015;00:00:00;45.9000000;10
ROSB;D;20151016;00:00:00;45.5000000;100
ROSB;D;20151019;00:00:00;44.6000000;20
ROSB;D;20151020;00:00:00;46.0000000;20
ROSB;D;20151021;00:00:00;46.0000000;80
ROSB;D;20151022;00:00:00;45.8000000;40
ROSB;D;20151023;00:00:00;45.1000000;410
ROSB;D;20151026;00:00:00;45.0000000;30
ROSB;D;20151027;00:00:00;45.3000000;180
ROSB;D;20151030;00:00:00;45.4000000;110
ROSB;D;20151102;00:00:00;45.2000000;20
ROSB;D;20151103;00:00:00;45.1000000;1080
ROSB;D;20151105;00:00:00;46.0000000;440
ROSB;D;20151106;00:00:00;46.9000000;3300
ROSB;D;20151109;00:00:00;47.7000000;350
ROSB;D;20151110;00:00:00;48.5000000;190
ROSB;D;20151111;00:00:00;46.6000000;820
ROSB;D;20151112;00:00:00;51.0000000;34260
ROSB;D;20151113;00:00:00;48.8000000;21000
ROSB;D;20151116;00:00:00;48.1000000;1370
ROSB;D;20151117;00:00:00;47.0000000;13360
ROSB;D;20151118;00:00:00;47.0000000;25410
ROSB;D;20151119;00:00:00;46.0000000;3280
ROSB;D;20151120;00:00:00;46.9000000;1190
ROSB;D;20151123;00:00:00;47.0000000;1900
ROSB;D;20151124;00:00:00;45.3000000;3390
ROSB;D;20151125;00:00:00;45.6000000;1280
ROSB;D;20151126;00:00:00;45.3000000;150
ROSB;D;20151127;00:00:00;45.0000000;2340
ROSB;D;20151130;00:00:00;45.1000000;540
ROSB;D;20151201;00:00:00;45.3000000;1200
ROSB;D;20151202;00:00:00;45.6000000;60
ROSB;D;20151203;00:00:00;45.1000000;590
ROSB;D;20151204;00:00:00;44.7000000;600
ROSB;D;20151207;00:00:00;45.7000000;6160
ROSB;D;20151208;00:00:00;45.9000000;210
ROSB;D;20151209;00:00:00;46.0000000;40
ROSB;D;20151210;00:00:00;46.4000000;20
ROSB;D;20151211;00:00:00;46.4000000;1570
ROSB;D;20151214;00:00:00;46.4000000;580
ROSB;D;20151215;00:00:00;46.6000000;200
ROSB;D;20151216;00:00:00;46.3000000;100
ROSB;D;20151217;00:00:00;46.4000000;220
ROSB;D;20151218;00:00:00;45.6000000;680
ROSB;D;20151221;00:00:00;45.0000000;3400
ROSB;D;20151222;00:00:00;45.9000000;550
ROSB;D;20151223;00:00:00;45.8000000;20
ROSB;D;20151224;00:00:00;46.0000000;100
ROSB;D;20151225;00:00:00;46.0000000;130
ROSB;D;20151228;00:00:00;45.9000000;310
ROSB;D;20151229;00:00:00;46.5000000;1070
ROSB;D;20151230;00:00:00;45.8000000;600
ROSB;D;20160104;00:00:00;49.6000000;1110
ROSB;D;20160105;00:00:00;48.6000000;3170
ROSB;D;20160106;00:00:00;48.8000000;80
ROSB;D;20160111;00:00:00;46.9000000;1100
ROSB;D;20160112;00:00:00;46.4000000;90
ROSB;D;20160113;00:00:00;46.3000000;20
ROSB;D;20160114;00:00:00;46.8000000;70
ROSB;D;20160115;00:00:00;46.7000000;50
ROSB;D;20160118;00:00:00;45.1000000;1510
ROSB;D;20160119;00:00:00;45.3000000;900
ROSB;D;20160120;00:00:00;44.8000000;800
ROSB;D;20160121;00:00:00;44.6000000;100
ROSB;D;20160122;00:00:00;45.2000000;880
ROSB;D;20160125;00:00:00;45.0000000;350
ROSB;D;20160126;00:00:00;44.5000000;160
ROSB;D;20160127;00:00:00;46.1000000;950
ROSB;D;20160128;00:00:00;45.4000000;70
ROSB;D;20160129;00:00:00;46.5000000;140
ROSB;D;20160201;00:00:00;46.5000000;10
ROSB;D;20160202;00:00:00;46.0000000;130
ROSB;D;20160205;00:00:00;46.4000000;30
ROSB;D;20160209;00:00:00;46.5000000;100
ROSB;D;20160210;00:00:00;45.9000000;40
ROSB;D;20160211;00:00:00;46.6000000;230
ROSB;D;20160215;00:00:00;46.5000000;20
ROSB;D;20160216;00:00:00;46.5000000;70
ROSB;D;20160217;00:00:00;45.9000000;920
ROSB;D;20160218;00:00:00;46.8000000;130
ROSB;D;20160219;00:00:00;45.9000000;520
ROSB;D;20160222;00:00:00;47.1000000;60
ROSB;D;20160224;00:00:00;47.9000000;10
ROSB;D;20160225;00:00:00;47.2000000;110
ROSB;D;20160226;00:00:00;46.3000000;60
ROSB;D;20160229;00:00:00;46.6000000;80
ROSB;D;20160301;00:00:00;46.8000000;150
ROSB;D;20160302;00:00:00;46.6000000;100
ROSB;D;20160303;00:00:00;47.8000000;400
ROSB;D;20160304;00:00:00;47.8000000;120
ROSB;D;20160307;00:00:00;48.1000000;2720
ROSB;D;20160309;00:00:00;47.5000000;680
ROSB;D;20160311;00:00:00;47.9000000;850
ROSB;D;20160314;00:00:00;47.9000000;200
ROSB;D;20160315;00:00:00;47.5000000;210
ROSB;D;20160316;00:00:00;48.6000000;720
ROSB;D;20160317;00:00:00;50.1000000;12820
ROSB;D;20160318;00:00:00;47.9000000;1760
ROSB;D;20160321;00:00:00;47.8000000;350
ROSB;D;20160322;00:00:00;48.8000000;370
ROSB;D;20160323;00:00:00;48.5000000;320
ROSB;D;20160324;00:00:00;47.4000000;150
ROSB;D;20160325;00:00:00;47.5000000;110
ROSB;D;20160328;00:00:00;48.0000000;30
ROSB;D;20160329;00:00:00;48.6000000;290
ROSB;D;20160330;00:00:00;48.7000000;220
ROSB;D;20160331;00:00:00;48.6000000;470
ROSB;D;20160401;00:00:00;48.3000000;10
ROSB;D;20160404;00:00:00;48.8000000;50
ROSB;D;20160405;00:00:00;47.8000000;140
ROSB;D;20160406;00:00:00;48.7000000;130
ROSB;D;20160407;00:00:00;47.7000000;60
ROSB;D;20160408;00:00:00;48.9000000;130
ROSB;D;20160411;00:00:00;48.0000000;1000
ROSB;D;20160413;00:00:00;47.1000000;2060
ROSB;D;20160414;00:00:00;47.3000000;270
ROSB;D;20160415;00:00:00;47.8000000;50
ROSB;D;20160418;00:00:00;46.7000000;610
ROSB;D;20160419;00:00:00;47.0000000;90
ROSB;D;20160420;00:00:00;47.0000000;30
ROSB;D;20160421;00:00:00;46.5000000;1360
ROSB;D;20160422;00:00:00;46.6000000;1520
ROSB;D;20160426;00:00:00;46.7000000;60
ROSB;D;20160427;00:00:00;47.2000000;230
ROSB;D;20160428;00:00:00;46.3000000;260
ROSB;D;20160429;00:00:00;46.6000000;20
ROSB;D;20160504;00:00:00;46.0000000;30
ROSB;D;20160505;00:00:00;46.5000000;30
ROSB;D;20160506;00:00:00;47.4000000;90
ROSB;D;20160510;00:00:00;46.7000000;880
ROSB;D;20160511;00:00:00;46.9000000;340
ROSB;D;20160512;00:00:00;46.3000000;70
ROSB;D;20160516;00:00:00;46.0000000;1340
ROSB;D;20160517;00:00:00;47.0000000;1030
ROSB;D;20160518;00:00:00;46.0000000;40
ROSB;D;20160519;00:00:00;46.9000000;120
ROSB;D;20160520;00:00:00;46.9000000;270
ROSB;D;20160523;00:00:00;47.0000000;350
ROSB;D;20160524;00:00:00;46.2000000;180
ROSB;D;20160525;00:00:00;46.9000000;130
ROSB;D;20160526;00:00:00;46.1000000;100
ROSB;D;20160527;00:00:00;47.4000000;20
ROSB;D;20160530;00:00:00;47.4000000;540
ROSB;D;20160531;00:00:00;47.3000000;20
ROSB;D;20160601;00:00:00;46.4000000;20
ROSB;D;20160602;00:00:00;47.7000000;130
ROSB;D;20160603;00:00:00;46.6000000;50
ROSB;D;20160606;00:00:00;46.4000000;310
ROSB;D;20160607;00:00:00;45.4000000;140
ROSB;D;20160608;00:00:00;45.2000000;160
ROSB;D;20160609;00:00:00;45.3000000;60
ROSB;D;20160610;00:00:00;45.3000000;20
ROSB;D;20160614;00:00:00;45.4000000;80
ROSB;D;20160615;00:00:00;44.1000000;40
ROSB;D;20160616;00:00:00;45.3000000;20
ROSB;D;20160617;00:00:00;44.9000000;130
ROSB;D;20160621;00:00:00;45.1000000;100
ROSB;D;20160622;00:00:00;45.9000000;10
ROSB;D;20160623;00:00:00;44.9000000;550
ROSB;D;20160624;00:00:00;44.2000000;850
ROSB;D;20160627;00:00:00;43.3000000;260
ROSB;D;20160628;00:00:00;43.9000000;110
ROSB;D;20160629;00:00:00;44.3000000;140
ROSB;D;20160630;00:00:00;44.0000000;20
ROSB;D;20160701;00:00:00;42.8000000;1730
ROSB;D;20160704;00:00:00;44.0000000;430
ROSB;D;20160705;00:00:00;44.9000000;210
ROSB;D;20160706;00:00:00;45.1000000;20
ROSB;D;20160707;00:00:00;45.7000000;10
ROSB;D;20160708;00:00:00;46.0000000;530
ROSB;D;20160711;00:00:00;45.9000000;570
ROSB;D;20160712;00:00:00;45.0000000;170
ROSB;D;20160713;00:00:00;45.8000000;290
ROSB;D;20160714;00:00:00;44.1000000;190
ROSB;D;20160715;00:00:00;44.1000000;250
ROSB;D;20160718;00:00:00;44.8000000;30
ROSB;D;20160719;00:00:00;44.2000000;230
ROSB;D;20160720;00:00:00;44.9000000;10
ROSB;D;20160721;00:00:00;45.0000000;2590
ROSB;D;20160722;00:00:00;44.7000000;340
ROSB;D;20160725;00:00:00;45.7000000;250
ROSB;D;20160727;00:00:00;45.0000000;1270
ROSB;D;20160728;00:00:00;45.0000000;160
ROSB;D;20160729;00:00:00;44.2000000;3050
ROSB;D;20160801;00:00:00;44.5000000;1520
ROSB;D;20160802;00:00:00;44.9000000;1110
ROSB;D;20160803;00:00:00;45.0000000;160
ROSB;D;20160804;00:00:00;45.0000000;40
ROSB;D;20160805;00:00:00;45.9000000;130
ROSB;D;20160808;00:00:00;47.0000000;350
ROSB;D;20160809;00:00:00;47.3000000;260
ROSB;D;20160810;00:00:00;47.6000000;360
ROSB;D;20160811;00:00:00;48.5000000;1080
ROSB;D;20160812;00:00:00;46.9000000;1210
ROSB;D;20160815;00:00:00;46.1000000;10
ROSB;D;20160817;00:00:00;46.7000000;30
ROSB;D;20160818;00:00:00;46.9000000;50
ROSB;D;20160822;00:00:00;47.0000000;4340
ROSB;D;20160823;00:00:00;47.0000000;100
ROSB;D;20160824;00:00:00;47.8000000;20
ROSB;D;20160825;00:00:00;45.9000000;1990
ROSB;D;20160826;00:00:00;46.7000000;20
ROSB;D;20160829;00:00:00;46.5000000;860
ROSB;D;20160831;00:00:00;47.9000000;1120
ROSB;D;20160901;00:00:00;50.0000000;1900
ROSB;D;20160902;00:00:00;48.6000000;220
ROSB;D;20160905;00:00:00;48.9000000;110
ROSB;D;20160906;00:00:00;48.7000000;480
ROSB;D;20160907;00:00:00;48.9000000;250
ROSB;D;20160908;00:00:00;50.2000000;350
ROSB;D;20160909;00:00:00;50.4000000;2620
ROSB;D;20160912;00:00:00;49.3000000;400
ROSB;D;20160913;00:00:00;48.2000000;80
ROSB;D;20160914;00:00:00;48.2000000;660
ROSB;D;20160915;00:00:00;48.1000000;720
ROSB;D;20160916;00:00:00;48.1000000;600
ROSB;D;20160919;00:00:00;47.3000000;750
ROSB;D;20160920;00:00:00;46.2000000;3600
ROSB;D;20160921;00:00:00;47.0000000;40
ROSB;D;20160922;00:00:00;48.0000000;2060
ROSB;D;20160926;00:00:00;47.9000000;20
ROSB;D;20160927;00:00:00;47.1000000;10
ROSB;D;20160928;00:00:00;48.5000000;2300
ROSB;D;20160929;00:00:00;49.9000000;3350
ROSB;D;20160930;00:00:00;49.7000000;1400
ROSB;D;20161003;00:00:00;49.0000000;5580
ROSB;D;20161004;00:00:00;48.9000000;130
ROSB;D;20161005;00:00:00;49.0000000;100
ROSB;D;20161006;00:00:00;48.6000000;10
ROSB;D;20161007;00:00:00;50.0000000;1710
ROSB;D;20161010;00:00:00;49.3000000;330
ROSB;D;20161011;00:00:00;49.5000000;400
ROSB;D;20161012;00:00:00;49.5000000;350
ROSB;D;20161013;00:00:00;49.1000000;680
ROSB;D;20161014;00:00:00;48.8000000;10
ROSB;D;20161017;00:00:00;48.6000000;160
ROSB;D;20161018;00:00:00;49.3000000;170
ROSB;D;20161019;00:00:00;50.8000000;250
ROSB;D;20161020;00:00:00;51.2000000;440
ROSB;D;20161021;00:00:00;52.0000000;1750
ROSB;D;20161024;00:00:00;52.4000000;300
ROSB;D;20161025;00:00:00;53.0000000;270
ROSB;D;20161026;00:00:00;52.6000000;470
ROSB;D;20161027;00:00:00;52.7000000;500
ROSB;D;20161028;00:00:00;52.5000000;430
ROSB;D;20161031;00:00:00;52.7000000;2690
ROSB;D;20161101;00:00:00;55.0000000;3740
ROSB;D;20161102;00:00:00;54.0000000;270
ROSB;D;20161103;00:00:00;53.9000000;30
ROSB;D;20161107;00:00:00;54.4000000;3370
ROSB;D;20161108;00:00:00;54.4000000;2620
ROSB;D;20161109;00:00:00;54.1000000;100
ROSB;D;20161110;00:00:00;53.9000000;70
ROSB;D;20161111;00:00:00;53.8000000;240
ROSB;D;20161114;00:00:00;53.9000000;40
ROSB;D;20161115;00:00:00;53.1000000;20
ROSB;D;20161116;00:00:00;61.5000000;11870
ROSB;D;20161117;00:00:00;58.4000000;4120
ROSB;D;20161118;00:00:00;57.1000000;2980
ROSB;D;20161121;00:00:00;56.2000000;590
ROSB;D;20161122;00:00:00;55.4000000;510
ROSB;D;20161123;00:00:00;56.1000000;760
ROSB;D;20161124;00:00:00;55.0000000;960
ROSB;D;20161125;00:00:00;56.6000000;3140
ROSB;D;20161128;00:00:00;56.7000000;500
ROSB;D;20161129;00:00:00;55.7000000;240
ROSB;D;20161130;00:00:00;56.1000000;100
ROSB;D;20161201;00:00:00;55.7000000;1930
ROSB;D;20161202;00:00:00;55.1000000;90
ROSB;D;20161205;00:00:00;54.1000000;30
ROSB;D;20161206;00:00:00;55.2000000;40
ROSB;D;20161207;00:00:00;54.6000000;480
ROSB;D;20161208;00:00:00;55.7000000;740
ROSB;D;20161209;00:00:00;55.0000000;1650
ROSB;D;20161212;00:00:00;55.0000000;420
ROSB;D;20161213;00:00:00;56.2000000;600
ROSB;D;20161214;00:00:00;55.0000000;100
ROSB;D;20161215;00:00:00;56.1000000;1570
ROSB;D;20161216;00:00:00;56.1000000;1740
ROSB;D;20161219;00:00:00;56.1000000;10
ROSB;D;20161220;00:00:00;58.2000000;4670
ROSB;D;20161221;00:00:00;60.3000000;870
ROSB;D;20161222;00:00:00;59.9000000;270
ROSB;D;20161223;00:00:00;60.7000000;90
ROSB;D;20161226;00:00:00;61.0000000;1040
ROSB;D;20161227;00:00:00;62.1000000;360
ROSB;D;20161228;00:00:00;61.0000000;140
ROSB;D;20161229;00:00:00;59.5000000;530
ROSB;D;20161230;00:00:00;60.9000000;510
ROSB;D;20170103;00:00:00;61.6000000;700
ROSB;D;20170104;00:00:00;70.2000000;5530
ROSB;D;20170105;00:00:00;70.3000000;570
ROSB;D;20170106;00:00:00;70.8000000;4590
ROSB;D;20170109;00:00:00;66.7000000;3290
ROSB;D;20170110;00:00:00;66.0000000;510
ROSB;D;20170111;00:00:00;68.1000000;2030
ROSB;D;20170112;00:00:00;69.4000000;580
ROSB;D;20170113;00:00:00;71.2000000;1740
ROSB;D;20170116;00:00:00;70.5000000;1320
ROSB;D;20170117;00:00:00;68.4000000;1110
ROSB;D;20170118;00:00:00;68.1000000;230
ROSB;D;20170119;00:00:00;68.2000000;700
ROSB;D;20170120;00:00:00;67.1000000;480
ROSB;D;20170123;00:00:00;68.5000000;170
ROSB;D;20170124;00:00:00;67.9000000;170
ROSB;D;20170125;00:00:00;68.0000000;230
ROSB;D;20170126;00:00:00;67.4000000;1220
ROSB;D;20170127;00:00:00;67.9000000;380
ROSB;D;20170130;00:00:00;67.3000000;10
ROSB;D;20170131;00:00:00;67.0000000;170
ROSB;D;20170201;00:00:00;66.2000000;370
ROSB;D;20170202;00:00:00;71.0000000;820
ROSB;D;20170203;00:00:00;69.4000000;770
ROSB;D;20170206;00:00:00;68.9000000;940
ROSB;D;20170207;00:00:00;68.7000000;650
ROSB;D;20170208;00:00:00;69.2000000;1180
ROSB;D;20170209;00:00:00;68.4000000;70
ROSB;D;20170210;00:00:00;67.8000000;4540
ROSB;D;20170213;00:00:00;66.6000000;180
ROSB;D;20170214;00:00:00;66.0000000;510
ROSB;D;20170215;00:00:00;66.0000000;50
ROSB;D;20170216;00:00:00;63.8000000;700
ROSB;D;20170217;00:00:00;63.3000000;80
ROSB;D;20170220;00:00:00;64.4000000;280
ROSB;D;20170221;00:00:00;65.4000000;130
ROSB;D;20170222;00:00:00;65.5000000;60
ROSB;D;20170224;00:00:00;65.0000000;320
ROSB;D;20170227;00:00:00;64.0000000;430
ROSB;D;20170228;00:00:00;63.0000000;170
ROSB;D;20170301;00:00:00;63.8000000;40
ROSB;D;20170302;00:00:00;63.8000000;90
ROSB;D;20170303;00:00:00;62.2000000;10
ROSB;D;20170306;00:00:00;63.8000000;270
ROSB;D;20170307;00:00:00;63.0000000;110
ROSB;D;20170309;00:00:00;61.1000000;200
ROSB;D;20170310;00:00:00;63.9000000;2840
ROSB;D;20170313;00:00:00;64.3000000;80
ROSB;D;20170314;00:00:00;64.9000000;30
ROSB;D;20170316;00:00:00;64.9000000;120
ROSB;D;20170317;00:00:00;65.5000000;40
ROSB;D;20170321;00:00:00;65.0000000;50
ROSB;D;20170322;00:00:00;64.0000000;10
ROSB;D;20170323;00:00:00;66.0000000;70
ROSB;D;20170324;00:00:00;65.0000000;20
ROSB;D;20170327;00:00:00;64.1000000;50
ROSB;D;20170328;00:00:00;68.0000000;110
ROSB;D;20170329;00:00:00;67.5000000;740
ROSB;D;20170330;00:00:00;67.0000000;30
ROSB;D;20170331;00:00:00;62.9000000;9330
ROSB;D;20170403;00:00:00;60.3000000;820
ROSB;D;20170404;00:00:00;60.2000000;320
ROSB;D;20170405;00:00:00;60.0000000;5930
ROSB;D;20170406;00:00:00;61.7000000;40
ROSB;D;20170407;00:00:00;60.8000000;30
ROSB;D;20170410;00:00:00;62.0000000;70
ROSB;D;20170411;00:00:00;60.0000000;180
ROSB;D;20170412;00:00:00;60.0000000;270
ROSB;D;20170413;00:00:00;60.0000000;470
ROSB;D;20170414;00:00:00;60.9000000;40
ROSB;D;20170417;00:00:00;59.4000000;320
ROSB;D;20170418;00:00:00;58.9000000;280
ROSB;D;20170419;00:00:00;57.1000000;70
ROSB;D;20170420;00:00:00;58.0000000;990
ROSB;D;20170421;00:00:00;58.0000000;2270
ROSB;D;20170424;00:00:00;56.3000000;3300
ROSB;D;20170425;00:00:00;57.9000000;980
ROSB;D;20170426;00:00:00;56.2000000;6720
ROSB;D;20170427;00:00:00;57.5000000;170
ROSB;D;20170428;00:00:00;56.9000000;1550
ROSB;D;20170502;00:00:00;57.0000000;420
ROSB;D;20170503;00:00:00;56.0000000;1470
ROSB;D;20170504;00:00:00;56.9000000;220
ROSB;D;20170505;00:00:00;56.0000000;690
ROSB;D;20170510;00:00:00;55.0000000;1270
ROSB;D;20170511;00:00:00;55.0000000;300
ROSB;D;20170512;00:00:00;53.6000000;840
ROSB;D;20170515;00:00:00;54.2000000;200
ROSB;D;20170516;00:00:00;54.3000000;80
ROSB;D;20170517;00:00:00;54.3000000;1100
ROSB;D;20170518;00:00:00;55.6000000;400
ROSB;D;20170519;00:00:00;53.0000000;1050
ROSB;D;20170522;00:00:00;54.9000000;100
ROSB;D;20170523;00:00:00;54.0000000;280
ROSB;D;20170524;00:00:00;53.0000000;500
ROSB;D;20170525;00:00:00;51.8000000;2890
ROSB;D;20170526;00:00:00;51.5000000;2350
ROSB;D;20170529;00:00:00;50.8000000;230
ROSB;D;20170530;00:00:00;51.3000000;50
ROSB;D;20170601;00:00:00;51.6000000;2080
ROSB;D;20170602;00:00:00;51.5000000;810
ROSB;D;20170605;00:00:00;53.5000000;820
ROSB;D;20170606;00:00:00;53.0000000;440
ROSB;D;20170607;00:00:00;53.5000000;340
ROSB;D;20170608;00:00:00;52.6000000;90
ROSB;D;20170609;00:00:00;53.5000000;330
ROSB;D;20170613;00:00:00;51.8000000;280
ROSB;D;20170614;00:00:00;51.0000000;100
ROSB;D;20170615;00:00:00;51.8000000;160
ROSB;D;20170616;00:00:00;50.5000000;110
ROSB;D;20170619;00:00:00;51.6000000;230
ROSB;D;20170620;00:00:00;51.5000000;100
ROSB;D;20170621;00:00:00;52.5000000;70
ROSB;D;20170622;00:00:00;51.4000000;60
ROSB;D;20170623;00:00:00;52.5000000;10
ROSB;D;20170626;00:00:00;51.8000000;130
ROSB;D;20170627;00:00:00;51.9000000;40
ROSB;D;20170628;00:00:00;52.7000000;260
ROSB;D;20170629;00:00:00;52.9000000;10
ROSB;D;20170630;00:00:00;51.6000000;610
ROSB;D;20170703;00:00:00;51.3000000;80
ROSB;D;20170704;00:00:00;50.6000000;480
ROSB;D;20170705;00:00:00;50.8000000;160
ROSB;D;20170706;00:00:00;52.0000000;140
ROSB;D;20170707;00:00:00;53.7000000;170
ROSB;D;20170710;00:00:00;54.0000000;140
ROSB;D;20170711;00:00:00;53.7000000;90
ROSB;D;20170712;00:00:00;52.1000000;130
ROSB;D;20170713;00:00:00;51.6000000;310
ROSB;D;20170714;00:00:00;51.6000000;230
ROSB;D;20170718;00:00:00;51.3000000;60
ROSB;D;20170721;00:00:00;51.9000000;10
ROSB;D;20170724;00:00:00;51.0000000;320
ROSB;D;20170725;00:00:00;52.4000000;240
ROSB;D;20170727;00:00:00;53.4000000;210
ROSB;D;20170728;00:00:00;51.1000000;2170
ROSB;D;20170731;00:00:00;50.9000000;180
ROSB;D;20170801;00:00:00;51.0000000;240
ROSB;D;20170802;00:00:00;53.4000000;1150
ROSB;D;20170808;00:00:00;53.0000000;60
ROSB;D;20170809;00:00:00;54.2000000;80
ROSB;D;20170810;00:00:00;52.9000000;200
ROSB;D;20170811;00:00:00;53.2000000;760
ROSB;D;20170814;00:00:00;54.9000000;2280
ROSB;D;20170815;00:00:00;54.4000000;510
ROSB;D;20170816;00:00:00;56.0000000;570
ROSB;D;20170817;00:00:00;56.1000000;1190
ROSB;D;20170818;00:00:00;57.6000000;310
ROSB;D;20170821;00:00:00;58.0000000;50
ROSB;D;20170822;00:00:00;56.1000000;450
ROSB;D;20170823;00:00:00;55.8000000;10
ROSB;D;20170824;00:00:00;56.0000000;730
ROSB;D;20170825;00:00:00;53.5000000;330
ROSB;D;20170828;00:00:00;54.9000000;220
ROSB;D;20170829;00:00:00;54.9000000;10
ROSB;D;20170830;00:00:00;55.8000000;80
ROSB;D;20170831;00:00:00;56.1000000;120
ROSB;D;20170901;00:00:00;58.9000000;2500
ROSB;D;20170904;00:00:00;58.0000000;60
ROSB;D;20170905;00:00:00;58.5000000;110
ROSB;D;20170906;00:00:00;59.5000000;100
ROSB;D;20170907;00:00:00;59.0000000;30
ROSB;D;20170908;00:00:00;58.0000000;150
ROSB;D;20170911;00:00:00;57.6000000;2390
ROSB;D;20170912;00:00:00;58.0000000;10
ROSB;D;20170913;00:00:00;57.9000000;140
ROSB;D;20170915;00:00:00;57.9000000;20
ROSB;D;20170918;00:00:00;57.5000000;1340
ROSB;D;20170919;00:00:00;57.5000000;870
ROSB;D;20170920;00:00:00;57.5000000;120
ROSB;D;20170921;00:00:00;53.8000000;2890
ROSB;D;20170922;00:00:00;55.9000000;340
ROSB;D;20170925;00:00:00;56.0000000;390
ROSB;D;20170926;00:00:00;56.6000000;50
ROSB;D;20170927;00:00:00;56.8000000;960
ROSB;D;20170928;00:00:00;56.9000000;480
ROSB;D;20170929;00:00:00;58.0000000;160
ROSB;D;20171002;00:00:00;57.0000000;250
ROSB;D;20171003;00:00:00;57.0000000;740
ROSB;D;20171004;00:00:00;56.0000000;230
ROSB;D;20171005;00:00:00;55.7000000;20
ROSB;D;20171006;00:00:00;55.5000000;270
ROSB;D;20171009;00:00:00;56.7000000;150
ROSB;D;20171010;00:00:00;56.3000000;80
ROSB;D;20171011;00:00:00;56.0000000;100
ROSB;D;20171012;00:00:00;56.2000000;70
ROSB;D;20171013;00:00:00;56.8000000;130
ROSB;D;20171016;00:00:00;56.9000000;30
ROSB;D;20171017;00:00:00;56.9000000;20
ROSB;D;20171018;00:00:00;55.5000000;1580
ROSB;D;20171019;00:00:00;54.8000000;20
ROSB;D;20171020;00:00:00;55.9000000;160
ROSB;D;20171023;00:00:00;56.0000000;130
ROSB;D;20171024;00:00:00;55.8000000;100
ROSB;D;20171025;00:00:00;56.4000000;100
ROSB;D;20171026;00:00:00;56.7000000;40
ROSB;D;20171027;00:00:00;57.9000000;140
ROSB;D;20171030;00:00:00;56.6000000;1250
ROSB;D;20171031;00:00:00;57.2000000;710
ROSB;D;20171101;00:00:00;57.5000000;3220
ROSB;D;20171102;00:00:00;57.1000000;90
ROSB;D;20171103;00:00:00;58.2000000;640
ROSB;D;20171107;00:00:00;58.9000000;160
ROSB;D;20171108;00:00:00;58.4000000;1790
ROSB;D;20171109;00:00:00;58.3000000;520
ROSB;D;20171110;00:00:00;58.5000000;320
ROSB;D;20171113;00:00:00;58.7000000;130
ROSB;D;20171114;00:00:00;57.2000000;390
ROSB;D;20171115;00:00:00;57.4000000;30
ROSB;D;20171116;00:00:00;54.8000000;1030
ROSB;D;20171117;00:00:00;54.4000000;120
ROSB;D;20171120;00:00:00;54.4000000;150
ROSB;D;20171121;00:00:00;54.2000000;100
ROSB;D;20171122;00:00:00;53.8000000;1250
ROSB;D;20171123;00:00:00;52.2000000;1520
ROSB;D;20171124;00:00:00;53.5000000;120
ROSB;D;20171127;00:00:00;52.7000000;240
ROSB;D;20171128;00:00:00;53.2000000;60
ROSB;D;20171129;00:00:00;53.6000000;70
ROSB;D;20171130;00:00:00;53.6000000;180
ROSB;D;20171201;00:00:00;53.1000000;20
ROSB;D;20171204;00:00:00;53.0000000;420
ROSB;D;20171205;00:00:00;52.4000000;390
ROSB;D;20171206;00:00:00;51.2000000;180
ROSB;D;20171207;00:00:00;52.9000000;1170
ROSB;D;20171208;00:00:00;52.7000000;40
ROSB;D;20171211;00:00:00;52.8000000;10
ROSB;D;20171212;00:00:00;52.9000000;30
ROSB;D;20171213;00:00:00;51.6000000;150
ROSB;D;20171214;00:00:00;52.9000000;180
ROSB;D;20171215;00:00:00;54.7000000;780
ROSB;D;20171218;00:00:00;53.2000000;50
ROSB;D;20171219;00:00:00;56.9000000;1570
ROSB;D;20171220;00:00:00;56.0000000;460
ROSB;D;20171221;00:00:00;56.0000000;40
ROSB;D;20171222;00:00:00;56.1000000;70
ROSB;D;20171225;00:00:00;55.0000000;260
ROSB;D;20171226;00:00:00;54.8000000;630
ROSB;D;20171227;00:00:00;54.6000000;170
ROSB;D;20180103;00:00:00;53.7000000;10
ROSB;D;20180104;00:00:00;54.5000000;30
ROSB;D;20180109;00:00:00;56.0000000;120
ROSB;D;20180110;00:00:00;56.0000000;1120
ROSB;D;20180111;00:00:00;56.9000000;210
ROSB;D;20180112;00:00:00;57.0000000;80
ROSB;D;20180115;00:00:00;57.1000000;150
ROSB;D;20180116;00:00:00;58.9000000;2000
ROSB;D;20180117;00:00:00;58.5000000;1540
ROSB;D;20180118;00:00:00;60.0000000;1870
ROSB;D;20180119;00:00:00;59.5000000;580
ROSB;D;20180122;00:00:00;58.9000000;330
ROSB;D;20180123;00:00:00;59.9000000;270
ROSB;D;20180124;00:00:00;57.6000000;710
ROSB;D;20180125;00:00:00;59.7000000;1340
ROSB;D;20180126;00:00:00;60.0000000;2720
ROSB;D;20180129;00:00:00;59.3000000;120
ROSB;D;20180130;00:00:00;58.9000000;50
ROSB;D;20180131;00:00:00;58.5000000;520
ROSB;D;20180201;00:00:00;56.7000000;1480
ROSB;D;20180202;00:00:00;57.0000000;70
ROSB;D;20180205;00:00:00;56.5000000;250
ROSB;D;20180206;00:00:00;56.3000000;450
ROSB;D;20180207;00:00:00;57.2000000;10
ROSB;D;20180208;00:00:00;58.0000000;30
ROSB;D;20180209;00:00:00;56.6000000;200
ROSB;D;20180212;00:00:00;56.6000000;210
ROSB;D;20180213;00:00:00;57.2000000;540
ROSB;D;20180214;00:00:00;56.7000000;160
ROSB;D;20180215;00:00:00;57.0000000;3070
ROSB;D;20180216;00:00:00;56.2000000;340
ROSB;D;20180219;00:00:00;56.5000000;150
ROSB;D;20180220;00:00:00;55.9000000;450
ROSB;D;20180221;00:00:00;55.7000000;280
ROSB;D;20180222;00:00:00;57.7000000;1570
ROSB;D;20180226;00:00:00;57.8000000;60
ROSB;D;20180228;00:00:00;56.7000000;500
ROSB;D;20180301;00:00:00;56.8000000;20
ROSB;D;20180302;00:00:00;57.6000000;1170
ROSB;D;20180305;00:00:00;57.1000000;1210
ROSB;D;20180306;00:00:00;57.1000000;10
ROSB;D;20180307;00:00:00;57.1000000;280
ROSB;D;20180309;00:00:00;57.9000000;50
ROSB;D;20180312;00:00:00;58.3000000;790
ROSB;D;20180314;00:00:00;57.1000000;50
ROSB;D;20180315;00:00:00;57.9000000;1780
ROSB;D;20180316;00:00:00;57.0000000;300
ROSB;D;20180319;00:00:00;55.5000000;550
ROSB;D;20180320;00:00:00;55.9000000;910
ROSB;D;20180321;00:00:00;56.0000000;210
ROSB;D;20180322;00:00:00;58.0000000;1320
ROSB;D;20180323;00:00:00;57.9000000;140
ROSB;D;20180326;00:00:00;56.1000000;290
ROSB;D;20180327;00:00:00;55.2000000;250
ROSB;D;20180328;00:00:00;56.5000000;930
ROSB;D;20180329;00:00:00;56.5000000;2940
ROSB;D;20180330;00:00:00;58.0000000;10
ROSB;D;20180402;00:00:00;58.0000000;1520
ROSB;D;20180403;00:00:00;59.5000000;310
ROSB;D;20180405;00:00:00;59.0000000;350
ROSB;D;20180406;00:00:00;59.1000000;20
ROSB;D;20180409;00:00:00;56.9000000;320
ROSB;D;20180410;00:00:00;59.0000000;270
ROSB;D;20180411;00:00:00;56.0000000;120
ROSB;D;20180412;00:00:00;57.0000000;40
ROSB;D;20180413;00:00:00;57.5000000;140
ROSB;D;20180416;00:00:00;57.0000000;10
ROSB;D;20180418;00:00:00;57.3000000;40
ROSB;D;20180419;00:00:00;57.8000000;530
ROSB;D;20180420;00:00:00;58.0000000;20
ROSB;D;20180423;00:00:00;60.1000000;1610
ROSB;D;20180424;00:00:00;60.5000000;1490
ROSB;D;20180425;00:00:00;59.6000000;50
ROSB;D;20180426;00:00:00;58.0000000;670
ROSB;D;20180427;00:00:00;58.5000000;1020
ROSB;D;20180428;00:00:00;58.4000000;530
ROSB;D;20180430;00:00:00;59.0000000;10
ROSB;D;20180502;00:00:00;59.4000000;250
ROSB;D;20180503;00:00:00;59.0000000;10
ROSB;D;20180507;00:00:00;60.0000000;510
ROSB;D;20180510;00:00:00;59.0000000;10
ROSB;D;20180511;00:00:00;59.0000000;30
ROSB;D;20180514;00:00:00;60.0000000;170
ROSB;D;20180515;00:00:00;59.0000000;20
ROSB;D;20180516;00:00:00;60.5000000;1000
ROSB;D;20180517;00:00:00;59.0000000;20
ROSB;D;20180518;00:00:00;59.8000000;10
ROSB;D;20180522;00:00:00;58.1000000;120
ROSB;D;20180523;00:00:00;60.0000000;5060
ROSB;D;20180524;00:00:00;59.9000000;340
ROSB;D;20180528;00:00:00;59.4000000;760
ROSB;D;20180529;00:00:00;57.2000000;750
ROSB;D;20180530;00:00:00;58.0000000;40
ROSB;D;20180531;00:00:00;58.0000000;40
ROSB;D;20180601;00:00:00;57.3000000;50
ROSB;D;20180604;00:00:00;57.4000000;170
ROSB;D;20180606;00:00:00;59.7000000;1330
ROSB;D;20180607;00:00:00;59.9000000;160
ROSB;D;20180608;00:00:00;59.9000000;810
ROSB;D;20180609;00:00:00;59.1000000;20
ROSB;D;20180611;00:00:00;57.5000000;30
ROSB;D;20180613;00:00:00;58.9000000;70
ROSB;D;20180614;00:00:00;59.4000000;10
ROSB;D;20180619;00:00:00;57.4000000;20
ROSB;D;20180620;00:00:00;58.0000000;180
ROSB;D;20180621;00:00:00;58.0000000;10
ROSB;D;20180622;00:00:00;58.0000000;20
ROSB;D;20180625;00:00:00;57.3000000;100
ROSB;D;20180626;00:00:00;57.1000000;220
ROSB;D;20180627;00:00:00;58.2000000;80
ROSB;D;20180628;00:00:00;57.0000000;330
ROSB;D;20180629;00:00:00;56.5000000;180
ROSB;D;20180702;00:00:00;57.0000000;110
ROSB;D;20180703;00:00:00;57.0000000;50
ROSB;D;20180704;00:00:00;56.0000000;80
ROSB;D;20180706;00:00:00;56.0000000;70
ROSB;D;20180709;00:00:00;57.4000000;20
ROSB;D;20180710;00:00:00;55.2000000;870
ROSB;D;20180711;00:00:00;55.4000000;10
ROSB;D;20180712;00:00:00;56.0000000;220
ROSB;D;20180717;00:00:00;57.0000000;10
ROSB;D;20180718;00:00:00;57.0000000;10
ROSB;D;20180719;00:00:00;56.0000000;230
ROSB;D;20180720;00:00:00;56.0000000;420
ROSB;D;20180723;00:00:00;56.0000000;50
ROSB;D;20180724;00:00:00;56.0000000;220
ROSB;D;20180725;00:00:00;56.0000000;70
ROSB;D;20180726;00:00:00;57.0000000;270
ROSB;D;20180727;00:00:00;57.0000000;150
ROSB;D;20180730;00:00:00;59.8000000;100
ROSB;D;20180801;00:00:00;57.0000000;670
ROSB;D;20180802;00:00:00;56.0000000;60
ROSB;D;20180807;00:00:00;56.0000000;190
ROSB;D;20180808;00:00:00;56.0000000;40
ROSB;D;20180814;00:00:00;56.8000000;120
ROSB;D;20180815;00:00:00;55.0000000;140
ROSB;D;20180816;00:00:00;54.4000000;10
ROSB;D;20180817;00:00:00;54.2000000;30
ROSB;D;20180820;00:00:00;55.4000000;80
ROSB;D;20180821;00:00:00;56.8000000;260
ROSB;D;20180823;00:00:00;56.0000000;10
ROSB;D;20180824;00:00:00;53.2000000;50
ROSB;D;20180827;00:00:00;55.0000000;40
ROSB;D;20180828;00:00:00;56.0000000;30
ROSB;D;20180830;00:00:00;54.0000000;1540
ROSB;D;20180831;00:00:00;54.8000000;10
ROSB;D;20180903;00:00:00;53.8000000;190
ROSB;D;20180904;00:00:00;54.0000000;10
ROSB;D;20180905;00:00:00;54.0000000;200
ROSB;D;20180907;00:00:00;53.8000000;10
ROSB;D;20180910;00:00:00;53.4000000;210
ROSB;D;20180911;00:00:00;53.8000000;80
ROSB;D;20180912;00:00:00;55.0000000;20
ROSB;D;20180913;00:00:00;53.0000000;280
ROSB;D;20180914;00:00:00;52.0000000;100
ROSB;D;20180917;00:00:00;54.2000000;240
ROSB;D;20180918;00:00:00;55.0000000;1050
ROSB;D;20180919;00:00:00;56.4000000;30
ROSB;D;20180920;00:00:00;57.6000000;680
ROSB;D;20180921;00:00:00;60.0000000;100
ROSB;D;20180924;00:00:00;59.0000000;140
ROSB;D;20180925;00:00:00;58.0000000;110
ROSB;D;20180926;00:00:00;58.0000000;20
ROSB;D;20180927;00:00:00;55.8000000;490
ROSB;D;20180928;00:00:00;58.2000000;870
ROSB;D;20181001;00:00:00;58.0000000;90
ROSB;D;20181002;00:00:00;58.0000000;450
ROSB;D;20181003;00:00:00;60.0000000;1350
ROSB;D;20181004;00:00:00;59.0000000;360
ROSB;D;20181005;00:00:00;60.0000000;400
ROSB;D;20181008;00:00:00;60.0000000;120
ROSB;D;20181009;00:00:00;61.0000000;200
ROSB;D;20181010;00:00:00;59.8000000;50
ROSB;D;20181011;00:00:00;59.8000000;70
ROSB;D;20181012;00:00:00;58.2000000;220
ROSB;D;20181015;00:00:00;58.0000000;240
ROSB;D;20181016;00:00:00;59.0000000;870
ROSB;D;20181017;00:00:00;58.4000000;110
ROSB;D;20181018;00:00:00;59.0000000;220
ROSB;D;20181019;00:00:00;60.0000000;500
ROSB;D;20181022;00:00:00;60.4000000;760
ROSB;D;20181023;00:00:00;60.4000000;10
ROSB;D;20181024;00:00:00;60.0000000;30
ROSB;D;20181025;00:00:00;60.8000000;120
ROSB;D;20181026;00:00:00;61.6000000;70
ROSB;D;20181029;00:00:00;61.0000000;240
ROSB;D;20181030;00:00:00;61.8000000;270
ROSB;D;20181031;00:00:00;62.6000000;80
ROSB;D;20181101;00:00:00;61.8000000;30
ROSB;D;20181102;00:00:00;61.8000000;10
ROSB;D;20181106;00:00:00;62.4000000;540
ROSB;D;20181107;00:00:00;60.8000000;230
ROSB;D;20181108;00:00:00;60.6000000;340
ROSB;D;20181109;00:00:00;61.2000000;110
ROSB;D;20181112;00:00:00;61.4000000;50
ROSB;D;20181113;00:00:00;62.6000000;20
ROSB;D;20181114;00:00:00;62.0000000;110
ROSB;D;20181115;00:00:00;63.0000000;10
ROSB;D;20181116;00:00:00;62.8000000;460
ROSB;D;20181119;00:00:00;63.0000000;120
ROSB;D;20181120;00:00:00;63.0000000;820
ROSB;D;20181121;00:00:00;61.6000000;20
ROSB;D;20181122;00:00:00;60.6000000;90
ROSB;D;20181123;00:00:00;63.0000000;40
ROSB;D;20181126;00:00:00;61.0000000;150
ROSB;D;20181127;00:00:00;63.2000000;20
ROSB;D;20181128;00:00:00;61.8000000;50
ROSB;D;20181129;00:00:00;61.8000000;40
ROSB;D;20181130;00:00:00;61.6000000;1020
ROSB;D;20181203;00:00:00;60.6000000;170
ROSB;D;20181205;00:00:00;61.8000000;640
ROSB;D;20181210;00:00:00;61.8000000;40
ROSB;D;20181211;00:00:00;58.8000000;380
ROSB;D;20181213;00:00:00;61.8000000;200
ROSB;D;20181214;00:00:00;59.0000000;380
ROSB;D;20181217;00:00:00;63.0000000;240
ROSB;D;20181218;00:00:00;62.0000000;2560
ROSB;D;20181219;00:00:00;62.2000000;150
ROSB;D;20181220;00:00:00;60.6000000;550
ROSB;D;20181221;00:00:00;58.4000000;150
ROSB;D;20181224;00:00:00;59.8000000;130
ROSB;D;20181225;00:00:00;60.0000000;270
ROSB;D;20181226;00:00:00;58.6000000;20
ROSB;D;20181227;00:00:00;59.0000000;10
ROSB;D;20181228;00:00:00;59.2000000;920
ROSB;D;20190108;00:00:00;58.6000000;80
ROSB;D;20190109;00:00:00;61.4000000;140
ROSB;D;20190110;00:00:00;60.0000000;230
ROSB;D;20190111;00:00:00;60.8000000;100
ROSB;D;20190114;00:00:00;59.8000000;1440
ROSB;D;20190115;00:00:00;60.6000000;310
ROSB;D;20190116;00:00:00;60.8000000;80
ROSB;D;20190118;00:00:00;60.4000000;2530
ROSB;D;20190121;00:00:00;60.6000000;250
ROSB;D;20190122;00:00:00;60.0000000;690
ROSB;D;20190123;00:00:00;59.6000000;7520
ROSB;D;20190124;00:00:00;58.0000000;2300
ROSB;D;20190125;00:00:00;56.0000000;21640
ROSB;D;20190128;00:00:00;54.2000000;123090
ROSB;D;20190129;00:00:00;59.0000000;128250
ROSB;D;20190130;00:00:00;59.0000000;40850
ROSB;D;20190131;00:00:00;58.6000000;21410
ROSB;D;20190201;00:00:00;59.0000000;340
ROSB;D;20190204;00:00:00;59.0000000;120
ROSB;D;20190205;00:00:00;58.4000000;1780
ROSB;D;20190206;00:00:00;59.4000000;2700
ROSB;D;20190207;00:00:00;59.4000000;1010
ROSB;D;20190208;00:00:00;59.8000000;1100
ROSB;D;20190211;00:00:00;59.4000000;40
ROSB;D;20190212;00:00:00;59.8000000;11490
ROSB;D;20190213;00:00:00;59.6000000;220
ROSB;D;20190214;00:00:00;59.6000000;520
ROSB;D;20190215;00:00:00;59.8000000;20580
ROSB;D;20190218;00:00:00;60.0000000;250
ROSB;D;20190219;00:00:00;60.0000000;580
ROSB;D;20190220;00:00:00;60.0000000;210
ROSB;D;20190221;00:00:00;60.0000000;270
ROSB;D;20190222;00:00:00;59.8000000;230
ROSB;D;20190225;00:00:00;58.6000000;4560
ROSB;D;20190226;00:00:00;58.4000000;430
ROSB;D;20190227;00:00:00;57.4000000;830
ROSB;D;20190228;00:00:00;57.2000000;190
ROSB;D;20190301;00:00:00;56.0000000;1160
ROSB;D;20190304;00:00:00;55.8000000;1000
ROSB;D;20190305;00:00:00;56.4000000;190
ROSB;D;20190306;00:00:00;56.2000000;290
ROSB;D;20190307;00:00:00;55.6000000;470
ROSB;D;20190311;00:00:00;56.0000000;160
ROSB;D;20190312;00:00:00;55.8000000;230
ROSB;D;20190313;00:00:00;58.0000000;770
ROSB;D;20190314;00:00:00;56.0000000;1210
ROSB;D;20190315;00:00:00;57.0000000;230
ROSB;D;20190318;00:00:00;57.8000000;480
ROSB;D;20190319;00:00:00;57.8000000;760
ROSB;D;20190320;00:00:00;57.6000000;700
ROSB;D;20190321;00:00:00;57.4000000;360
ROSB;D;20190322;00:00:00;57.6000000;730
ROSB;D;20190325;00:00:00;57.0000000;120
ROSB;D;20190326;00:00:00;57.0000000;10
ROSB;D;20190327;00:00:00;57.4000000;470
ROSB;D;20190328;00:00:00;57.0000000;130
ROSB;D;20190329;00:00:00;57.6000000;260
ROSB;D;20190401;00:00:00;57.4000000;130
ROSB;D;20190402;00:00:00;57.6000000;230
ROSB;D;20190403;00:00:00;57.4000000;60
ROSB;D;20190405;00:00:00;57.4000000;350
ROSB;D;20190408;00:00:00;56.6000000;370
ROSB;D;20190409;00:00:00;56.4000000;750
ROSB;D;20190410;00:00:00;57.0000000;1580
ROSB;D;20190411;00:00:00;57.8000000;390
ROSB;D;20190415;00:00:00;56.4000000;13750
ROSB;D;20190416;00:00:00;56.2000000;710
ROSB;D;20190417;00:00:00;56.4000000;170
ROSB;D;20190418;00:00:00;56.0000000;4930
ROSB;D;20190419;00:00:00;56.8000000;330
ROSB;D;20190422;00:00:00;56.2000000;680
ROSB;D;20190423;00:00:00;56.0000000;190
ROSB;D;20190424;00:00:00;56.4000000;50
ROSB;D;20190425;00:00:00;56.0000000;210
ROSB;D;20190426;00:00:00;56.0000000;330
ROSB;D;20190429;00:00:00;56.4000000;320
ROSB;D;20190430;00:00:00;56.4000000;320
ROSB;D;20190502;00:00:00;55.4000000;10
ROSB;D;20190503;00:00:00;56.0000000;860
ROSB;D;20190506;00:00:00;56.4000000;450
ROSB;D;20190507;00:00:00;56.4000000;140
ROSB;D;20190508;00:00:00;56.2000000;60
ROSB;D;20190510;00:00:00;55.6000000;40
ROSB;D;20190513;00:00:00;55.4000000;20
ROSB;D;20190514;00:00:00;54.8000000;420
ROSB;D;20190515;00:00:00;55.6000000;90
ROSB;D;20190516;00:00:00;55.2000000;580
ROSB;D;20190517;00:00:00;55.0000000;110
ROSB;D;20190520;00:00:00;55.6000000;190
ROSB;D;20190521;00:00:00;55.0000000;150
ROSB;D;20190522;00:00:00;55.6000000;70
ROSB;D;20190523;00:00:00;56.0000000;160
ROSB;D;20190527;00:00:00;55.4000000;20
ROSB;D;20190528;00:00:00;55.0000000;280
ROSB;D;20190529;00:00:00;55.6000000;180
ROSB;D;20190530;00:00:00;56.0000000;70
ROSB;D;20190531;00:00:00;56.2000000;400
ROSB;D;20190603;00:00:00;55.8000000;100
ROSB;D;20190604;00:00:00;57.8000000;120
ROSB;D;20190605;00:00:00;56.6000000;50
ROSB;D;20190606;00:00:00;57.0000000;40
ROSB;D;20190607;00:00:00;56.0000000;1100
ROSB;D;20190610;00:00:00;57.0000000;20
ROSB;D;20190611;00:00:00;56.6000000;210
ROSB;D;20190613;00:00:00;57.0000000;370
ROSB;D;20190614;00:00:00;57.4000000;300
ROSB;D;20190617;00:00:00;57.2000000;280
ROSB;D;20190618;00:00:00;57.0000000;360
ROSB;D;20190619;00:00:00;56.8000000;460
ROSB;D;20190620;00:00:00;57.6000000;600
ROSB;D;20190621;00:00:00;57.4000000;100
ROSB;D;20190624;00:00:00;57.0000000;420
ROSB;D;20190625;00:00:00;57.8000000;110
ROSB;D;20190626;00:00:00;57.8000000;690
ROSB;D;20190627;00:00:00;57.4000000;180
ROSB;D;20190628;00:00:00;57.4000000;450
ROSB;D;20190701;00:00:00;57.0000000;560
ROSB;D;20190702;00:00:00;58.0000000;50
ROSB;D;20190703;00:00:00;57.8000000;1990
ROSB;D;20190704;00:00:00;57.4000000;400
ROSB;D;20190705;00:00:00;59.4000000;4590
ROSB;D;20190708;00:00:00;59.8000000;890
ROSB;D;20190709;00:00:00;60.0000000;390
ROSB;D;20190710;00:00:00;60.0000000;70
ROSB;D;20190711;00:00:00;58.6000000;100
ROSB;D;20190712;00:00:00;60.0000000;230
ROSB;D;20190715;00:00:00;59.6000000;3120
ROSB;D;20190716;00:00:00;59.6000000;510
ROSB;D;20190717;00:00:00;60.2000000;160
ROSB;D;20190718;00:00:00;60.0000000;2750
ROSB;D;20190719;00:00:00;61.8000000;4440
ROSB;D;20190722;00:00:00;60.0000000;4650
ROSB;D;20190724;00:00:00;60.8000000;280
ROSB;D;20190725;00:00:00;60.0000000;250
ROSB;D;20190726;00:00:00;59.4000000;40
ROSB;D;20190729;00:00:00;60.4000000;230
ROSB;D;20190730;00:00:00;61.2000000;300
ROSB;D;20190731;00:00:00;60.6000000;340
ROSB;D;20190801;00:00:00;60.6000000;30
ROSB;D;20190802;00:00:00;59.0000000;510
ROSB;D;20190805;00:00:00;61.0000000;3940
ROSB;D;20190806;00:00:00;59.8000000;410
ROSB;D;20190807;00:00:00;61.0000000;1420
ROSB;D;20190808;00:00:00;60.6000000;400
ROSB;D;20190809;00:00:00;59.8000000;270
ROSB;D;20190812;00:00:00;60.0000000;60
ROSB;D;20190813;00:00:00;59.8000000;260
ROSB;D;20190814;00:00:00;57.4000000;2120
ROSB;D;20190815;00:00:00;58.0000000;3350
ROSB;D;20190816;00:00:00;58.8000000;100
ROSB;D;20190819;00:00:00;58.2000000;230
ROSB;D;20190820;00:00:00;58.6000000;340
ROSB;D;20190821;00:00:00;59.0000000;130
ROSB;D;20190822;00:00:00;58.6000000;180
ROSB;D;20190823;00:00:00;58.6000000;20
ROSB;D;20190826;00:00:00;58.4000000;140
ROSB;D;20190827;00:00:00;58.8000000;50
ROSB;D;20190828;00:00:00;58.0000000;330
ROSB;D;20190829;00:00:00;58.6000000;320
ROSB;D;20190830;00:00:00;59.4000000;160
ROSB;D;20190902;00:00:00;59.0000000;290
ROSB;D;20190903;00:00:00;58.8000000;40
ROSB;D;20190904;00:00:00;59.4000000;3780
ROSB;D;20190905;00:00:00;59.4000000;1590
ROSB;D;20190906;00:00:00;59.8000000;70
ROSB;D;20190909;00:00:00;59.0000000;460
ROSB;D;20190910;00:00:00;59.8000000;150
ROSB;D;20190911;00:00:00;60.0000000;2450
ROSB;D;20190912;00:00:00;61.2000000;360
ROSB;D;20190913;00:00:00;60.2000000;1810
ROSB;D;20190916;00:00:00;59.8000000;110
ROSB;D;20190917;00:00:00;60.0000000;120
ROSB;D;20190918;00:00:00;59.4000000;1760
ROSB;D;20190919;00:00:00;60.0000000;790
ROSB;D;20190920;00:00:00;59.4000000;80
ROSB;D;20190923;00:00:00;58.8000000;430
ROSB;D;20190925;00:00:00;59.8000000;120
ROSB;D;20190926;00:00:00;59.4000000;20
ROSB;D;20190930;00:00:00;59.2000000;510
ROSB;D;20191001;00:00:00;59.2000000;200
ROSB;D;20191002;00:00:00;59.0000000;80
ROSB;D;20191003;00:00:00;59.6000000;120
ROSB;D;20191004;00:00:00;61.0000000;3350
ROSB;D;20191007;00:00:00;60.2000000;400
ROSB;D;20191008;00:00:00;60.6000000;290
ROSB;D;20191009;00:00:00;59.8000000;70
ROSB;D;20191010;00:00:00;58.4000000;1160
ROSB;D;20191011;00:00:00;58.0000000;360
ROSB;D;20191014;00:00:00;57.0000000;210
ROSB;D;20191015;00:00:00;57.0000000;480
ROSB;D;20191016;00:00:00;57.0000000;550
ROSB;D;20191017;00:00:00;61.0000000;1780
ROSB;D;20191018;00:00:00;60.4000000;230
ROSB;D;20191021;00:00:00;60.0000000;20
ROSB;D;20191022;00:00:00;59.2000000;3180
ROSB;D;20191023;00:00:00;58.4000000;330
ROSB;D;20191024;00:00:00;58.0000000;410
ROSB;D;20191025;00:00:00;59.6000000;190
ROSB;D;20191028;00:00:00;59.2000000;200
ROSB;D;20191029;00:00:00;58.0000000;110
ROSB;D;20191030;00:00:00;57.8000000;470
ROSB;D;20191031;00:00:00;59.0000000;470
ROSB;D;20191101;00:00:00;58.6000000;110
ROSB;D;20191105;00:00:00;59.6000000;1700
ROSB;D;20191106;00:00:00;59.4000000;50
ROSB;D;20191107;00:00:00;58.8000000;90
ROSB;D;20191111;00:00:00;59.2000000;280
ROSB;D;20191112;00:00:00;58.8000000;150
ROSB;D;20191113;00:00:00;59.2000000;750
ROSB;D;20191114;00:00:00;59.8000000;80
ROSB;D;20191115;00:00:00;60.0000000;620
ROSB;D;20191118;00:00:00;59.2000000;90
ROSB;D;20191119;00:00:00;59.2000000;110
ROSB;D;20191120;00:00:00;59.4000000;120
ROSB;D;20191121;00:00:00;59.8000000;380
ROSB;D;20191122;00:00:00;59.8000000;200
ROSB;D;20191125;00:00:00;58.6000000;5230
ROSB;D;20191126;00:00:00;59.0000000;180
ROSB;D;20191127;00:00:00;59.6000000;480
ROSB;D;20191128;00:00:00;59.4000000;10
ROSB;D;20191129;00:00:00;59.6000000;80
ROSB;D;20191202;00:00:00;59.0000000;890
ROSB;D;20191203;00:00:00;60.6000000;1570
ROSB;D;20191204;00:00:00;60.0000000;810
ROSB;D;20191205;00:00:00;59.4000000;1200
ROSB;D;20191206;00:00:00;59.0000000;100
ROSB;D;20191209;00:00:00;59.8000000;2380
ROSB;D;20191210;00:00:00;83.6000000;29610
ROSB;D;20191211;00:00:00;78.0000000;36960
ROSB;D;20191212;00:00:00;77.6000000;6600
ROSB;D;20191213;00:00:00;78.6000000;6910
ROSB;D;20191216;00:00:00;77.4000000;540
ROSB;D;20191217;00:00:00;77.4000000;2220
ROSB;D;20191218;00:00:00;76.8000000;16670
ROSB;D;20191219;00:00:00;78.0000000;6720
ROSB;D;20191220;00:00:00;76.8000000;1420
ROSB;D;20191223;00:00:00;76.6000000;800
ROSB;D;20191224;00:00:00;76.2000000;1400
ROSB;D;20191225;00:00:00;78.8000000;7450
ROSB;D;20191226;00:00:00;76.8000000;2160
ROSB;D;20191227;00:00:00;79.0000000;12190
ROSB;D;20191230;00:00:00;77.6000000;1870
ROSB;D;20200103;00:00:00;87.8000000;15600
ROSB;D;20200106;00:00:00;83.4000000;22340
ROSB;D;20200108;00:00:00;82.4000000;5650
ROSB;D;20200109;00:00:00;81.2000000;980
ROSB;D;20200110;00:00:00;78.8000000;9430
ROSB;D;20200113;00:00:00;79.8000000;910
ROSB;D;20200114;00:00:00;79.0000000;1530
ROSB;D;20200115;00:00:00;79.0000000;900
ROSB;D;20200116;00:00:00;77.0000000;2290
ROSB;D;20200117;00:00:00;77.4000000;2810
ROSB;D;20200120;00:00:00;78.0000000;2170
ROSB;D;20200121;00:00:00;78.0000000;1740
ROSB;D;20200122;00:00:00;78.0000000;560
ROSB;D;20200123;00:00:00;76.6000000;370
ROSB;D;20200124;00:00:00;75.6000000;4570
ROSB;D;20200127;00:00:00;73.6000000;6640
ROSB;D;20200128;00:00:00;74.0000000;770
ROSB;D;20200129;00:00:00;72.8000000;4030
ROSB;D;20200130;00:00:00;73.6000000;48640
ROSB;D;20200131;00:00:00;71.8000000;12120
ROSB;D;20200203;00:00:00;72.0000000;8160
ROSB;D;20200204;00:00:00;71.6000000;2320
ROSB;D;20200205;00:00:00;71.0000000;3090
ROSB;D;20200206;00:00:00;70.0000000;3440
ROSB;D;20200207;00:00:00;72.2000000;6510
ROSB;D;20200210;00:00:00;73.6000000;1340
ROSB;D;20200211;00:00:00;74.2000000;2100
ROSB;D;20200212;00:00:00;75.0000000;2670
ROSB;D;20200213;00:00:00;73.8000000;500
ROSB;D;20200214;00:00:00;74.8000000;4370
ROSB;D;20200217;00:00:00;75.0000000;1220
ROSB;D;20200218;00:00:00;75.4000000;1770
ROSB;D;20200219;00:00:00;75.2000000;4430
ROSB;D;20200220;00:00:00;75.4000000;850
ROSB;D;20200221;00:00:00;76.2000000;2470
ROSB;D;20200225;00:00:00;75.4000000;1000
ROSB;D;20200226;00:00:00;73.0000000;620
ROSB;D;20200227;00:00:00;71.8000000;2030
ROSB;D;20200228;00:00:00;68.4000000;1380
ROSB;D;20200302;00:00:00;70.8000000;2640
ROSB;D;20200303;00:00:00;72.2000000;210
ROSB;D;20200304;00:00:00;70.6000000;4770
ROSB;D;20200305;00:00:00;69.8000000;1490
ROSB;D;20200306;00:00:00;68.8000000;2780
ROSB;D;20200310;00:00:00;62.8000000;4480
ROSB;D;20200311;00:00:00;63.0000000;1510
ROSB;D;20200312;00:00:00;55.6000000;3300
ROSB;D;20200313;00:00:00;58.6000000;1530
ROSB;D;20200316;00:00:00;55.4000000;3360
ROSB;D;20200317;00:00:00;58.0000000;920
ROSB;D;20200318;00:00:00;55.2000000;1420
ROSB;D;20200319;00:00:00;57.0000000;1950
ROSB;D;20200320;00:00:00;58.0000000;1310
ROSB;D;20200323;00:00:00;58.0000000;3020
ROSB;D;20200324;00:00:00;62.0000000;1480
ROSB;D;20200325;00:00:00;63.0000000;2370
ROSB;D;20200326;00:00:00;64.4000000;1760
ROSB;D;20200327;00:00:00;62.0000000;1230
ROSB;D;20200330;00:00:00;61.4000000;2320
ROSB;D;20200331;00:00:00;62.6000000;2800
ROSB;D;20200401;00:00:00;64.0000000;7720
ROSB;D;20200402;00:00:00;62.8000000;5590
ROSB;D;20200403;00:00:00;61.8000000;1040
ROSB;D;20200406;00:00:00;63.6000000;1770
ROSB;D;20200407;00:00:00;64.6000000;3640
ROSB;D;20200408;00:00:00;64.6000000;990
ROSB;D;20200409;00:00:00;65.0000000;840
ROSB;D;20200410;00:00:00;64.6000000;500
ROSB;D;20200413;00:00:00;73.8000000;25300
ROSB;D;20200414;00:00:00;74.4000000;4770
ROSB;D;20200415;00:00:00;69.8000000;2230
ROSB;D;20200416;00:00:00;71.0000000;720
ROSB;D;20200417;00:00:00;71.0000000;1270
ROSB;D;20200420;00:00:00;70.2000000;320
ROSB;D;20200421;00:00:00;70.2000000;710
ROSB;D;20200422;00:00:00;71.4000000;570
ROSB;D;20200423;00:00:00;70.8000000;510
ROSB;D;20200424;00:00:00;73.0000000;2560
ROSB;D;20200427;00:00:00;73.8000000;4620
ROSB;D;20200428;00:00:00;72.2000000;1370
ROSB;D;20200429;00:00:00;72.0000000;280
ROSB;D;20200430;00:00:00;70.2000000;1230
ROSB;D;20200504;00:00:00;71.0000000;580
ROSB;D;20200505;00:00:00;71.8000000;140
ROSB;D;20200506;00:00:00;71.4000000;390
ROSB;D;20200507;00:00:00;71.6000000;80
ROSB;D;20200508;00:00:00;72.0000000;330
ROSB;D;20200512;00:00:00;71.4000000;150
ROSB;D;20200513;00:00:00;70.8000000;240
ROSB;D;20200514;00:00:00;70.6000000;370
ROSB;D;20200515;00:00:00;70.6000000;70
ROSB;D;20200518;00:00:00;71.0000000;750
ROSB;D;20200519;00:00:00;70.6000000;2180
ROSB;D;20200520;00:00:00;71.4000000;800
ROSB;D;20200521;00:00:00;70.2000000;710
ROSB;D;20200522;00:00:00;70.2000000;590
ROSB;D;20200525;00:00:00;71.0000000;660
ROSB;D;20200526;00:00:00;70.2000000;2830
ROSB;D;20200527;00:00:00;71.0000000;1050
ROSB;D;20200528;00:00:00;70.6000000;240
ROSB;D;20200529;00:00:00;70.6000000;460
ROSB;D;20200601;00:00:00;71.4000000;220
ROSB;D;20200602;00:00:00;70.8000000;200
ROSB;D;20200603;00:00:00;70.0000000;350
ROSB;D;20200604;00:00:00;75.0000000;27270
ROSB;D;20200605;00:00:00;74.0000000;1700
ROSB;D;20200608;00:00:00;71.2000000;6670
ROSB;D;20200609;00:00:00;71.8000000;6600
ROSB;D;20200610;00:00:00;71.4000000;590
ROSB;D;20200611;00:00:00;71.0000000;590
ROSB;D;20200615;00:00:00;71.8000000;640
ROSB;D;20200616;00:00:00;72.8000000;840
ROSB;D;20200617;00:00:00;72.4000000;300
ROSB;D;20200618;00:00:00;70.8000000;3440
ROSB;D;20200619;00:00:00;70.2000000;520
ROSB;D;20200622;00:00:00;71.8000000;3090
ROSB;D;20200623;00:00:00;72.0000000;70
ROSB;D;20200625;00:00:00;70.6000000;1470
ROSB;D;20200626;00:00:00;70.0000000;290
ROSB;D;20200629;00:00:00;70.0000000;290
ROSB;D;20200630;00:00:00;70.4000000;140
ROSB;D;20200702;00:00:00;70.0000000;2140
ROSB;D;20200703;00:00:00;70.2000000;1200
ROSB;D;20200706;00:00:00;71.0000000;580
ROSB;D;20200707;00:00:00;71.0000000;190
ROSB;D;20200708;00:00:00;70.0000000;350
ROSB;D;20200709;00:00:00;71.0000000;2080
ROSB;D;20200710;00:00:00;71.4000000;390
ROSB;D;20200713;00:00:00;72.0000000;980
ROSB;D;20200714;00:00:00;71.0000000;200
ROSB;D;20200715;00:00:00;70.6000000;340
ROSB;D;20200716;00:00:00;71.6000000;140
ROSB;D;20200717;00:00:00;70.8000000;430
ROSB;D;20200720;00:00:00;70.6000000;690
ROSB;D;20200721;00:00:00;71.4000000;230
ROSB;D;20200722;00:00:00;70.8000000;270
ROSB;D;20200723;00:00:00;70.4000000;1070
ROSB;D;20200724;00:00:00;71.2000000;1370
ROSB;D;20200727;00:00:00;71.0000000;4550
ROSB;D;20200728;00:00:00;70.2000000;1090
ROSB;D;20200729;00:00:00;70.2000000;270
ROSB;D;20200730;00:00:00;70.0000000;360
ROSB;D;20200731;00:00:00;69.2000000;520
ROSB;D;20200803;00:00:00;69.8000000;760
ROSB;D;20200804;00:00:00;71.4000000;1520
ROSB;D;20200805;00:00:00;71.0000000;250
ROSB;D;20200806;00:00:00;71.4000000;1780
ROSB;D;20200807;00:00:00;71.2000000;170
ROSB;D;20200810;00:00:00;71.2000000;2390
ROSB;D;20200811;00:00:00;71.8000000;560
ROSB;D;20200812;00:00:00;71.8000000;980
ROSB;D;20200813;00:00:00;76.8000000;113670
ROSB;D;20200814;00:00:00;80.0000000;32620
ROSB;D;20200817;00:00:00;77.8000000;5730
ROSB;D;20200818;00:00:00;78.4000000;6030
ROSB;D;20200819;00:00:00;78.8000000;17480
ROSB;D;20200820;00:00:00;78.2000000;2430
ROSB;D;20200821;00:00:00;76.4000000;1300
ROSB;D;20200824;00:00:00;76.6000000;1680
ROSB;D;20200825;00:00:00;77.8000000;480
ROSB;D;20200826;00:00:00;77.8000000;22130
ROSB;D;20200827;00:00:00;81.8000000;31230
ROSB;D;20200828;00:00:00;81.2000000;2940
ROSB;D;20200831;00:00:00;81.0000000;2160
ROSB;D;20200901;00:00:00;79.6000000;1630
ROSB;D;20200902;00:00:00;78.8000000;670
ROSB;D;20200903;00:00:00;79.6000000;1350
ROSB;D;20200904;00:00:00;80.4000000;5010
ROSB;D;20200907;00:00:00;79.8000000;160
ROSB;D;20200908;00:00:00;78.2000000;1110
ROSB;D;20200909;00:00:00;78.0000000;1460
ROSB;D;20200910;00:00:00;78.4000000;730
ROSB;D;20200911;00:00:00;82.0000000;3560
ROSB;D;20200914;00:00:00;81.0000000;16360
ROSB;D;20200915;00:00:00;80.8000000;1310
ROSB;D;20200916;00:00:00;79.2000000;1630
ROSB;D;20200917;00:00:00;79.0000000;390
ROSB;D;20200918;00:00:00;79.0000000;1530
ROSB;D;20200921;00:00:00;78.0000000;1120
ROSB;D;20200922;00:00:00;79.0000000;530
ROSB;D;20200923;00:00:00;79.0000000;520
ROSB;D;20200924;00:00:00;78.4000000;600
ROSB;D;20200925;00:00:00;78.6000000;440
ROSB;D;20200928;00:00:00;78.8000000;580
ROSB;D;20200929;00:00:00;78.0000000;240
ROSB;D;20200930;00:00:00;77.6000000;810
ROSB;D;20201001;00:00:00;78.0000000;530
ROSB;D;20201002;00:00:00;77.2000000;4050
ROSB;D;20201005;00:00:00;78.0000000;170
ROSB;D;20201006;00:00:00;77.8000000;1250
ROSB;D;20201007;00:00:00;76.6000000;580
ROSB;D;20201008;00:00:00;77.4000000;190
ROSB;D;20201009;00:00:00;76.0000000;940
ROSB;D;20201012;00:00:00;76.2000000;1050
ROSB;D;20201013;00:00:00;76.6000000;200
ROSB;D;20201014;00:00:00;75.8000000;560
ROSB;D;20201015;00:00:00;75.4000000;390
ROSB;D;20201016;00:00:00;75.2000000;480
ROSB;D;20201019;00:00:00;74.8000000;90
ROSB;D;20201020;00:00:00;75.2000000;770
ROSB;D;20201021;00:00:00;74.6000000;100
ROSB;D;20201022;00:00:00;74.8000000;70
ROSB;D;20201023;00:00:00;78.8000000;17540
ROSB;D;20201026;00:00:00;77.2000000;2350
ROSB;D;20201027;00:00:00;77.2000000;3870
ROSB;D;20201028;00:00:00;73.8000000;3560
ROSB;D;20201029;00:00:00;77.4000000;7400
ROSB;D;20201030;00:00:00;77.4000000;420
ROSB;D;20201102;00:00:00;77.2000000;700
ROSB;D;20201103;00:00:00;78.0000000;1400
ROSB;D;20201105;00:00:00;78.4000000;5490
ROSB;D;20201106;00:00:00;77.8000000;390
ROSB;D;20201109;00:00:00;78.0000000;1630
ROSB;D;20201110;00:00:00;78.2000000;570
ROSB;D;20201111;00:00:00;78.0000000;1000
ROSB;D;20201112;00:00:00;77.4000000;240
ROSB;D;20201113;00:00:00;78.4000000;930
ROSB;D;20201116;00:00:00;78.4000000;2710
ROSB;D;20201117;00:00:00;78.4000000;790
ROSB;D;20201118;00:00:00;78.0000000;590
ROSB;D;20201119;00:00:00;78.0000000;110
ROSB;D;20201120;00:00:00;77.0000000;1200
ROSB;D;20201123;00:00:00;76.4000000;4320
ROSB;D;20201124;00:00:00;77.2000000;2310
ROSB;D;20201125;00:00:00;76.6000000;1380
ROSB;D;20201126;00:00:00;77.0000000;1220
ROSB;D;20201127;00:00:00;76.8000000;340
ROSB;D;20201130;00:00:00;76.6000000;240
ROSB;D;20201201;00:00:00;76.6000000;1630
ROSB;D;20201202;00:00:00;76.6000000;670
ROSB;D;20201203;00:00:00;77.0000000;1830
ROSB;D;20201204;00:00:00;77.6000000;1100
ROSB;D;20201207;00:00:00;76.8000000;620
ROSB;D;20201208;00:00:00;77.6000000;790
ROSB;D;20201209;00:00:00;76.4000000;500
ROSB;D;20201210;00:00:00;77.4000000;470
ROSB;D;20201211;00:00:00;77.2000000;880
ROSB;D;20201214;00:00:00;76.8000000;400
ROSB;D;20201215;00:00:00;78.2000000;2190
ROSB;D;20201216;00:00:00;77.8000000;25560
ROSB;D;20201217;00:00:00;78.0000000;8970
ROSB;D;20201218;00:00:00;78.0000000;1430
ROSB;D;20201221;00:00:00;77.4000000;1320
ROSB;D;20201222;00:00:00;77.6000000;260
ROSB;D;20201223;00:00:00;77.0000000;340
ROSB;D;20201224;00:00:00;77.0000000;500
ROSB;D;20201225;00:00:00;77.6000000;970
ROSB;D;20201228;00:00:00;77.2000000;6400
ROSB;D;20201229;00:00:00;76.2000000;3490
ROSB;D;20201230;00:00:00;77.8000000;1040
ROSB;D;20210104;00:00:00;78.8000000;630
ROSB;D;20210105;00:00:00;79.8000000;1630
ROSB;D;20210106;00:00:00;79.2000000;1400
ROSB;D;20210108;00:00:00;78.8000000;5590
ROSB;D;20210111;00:00:00;78.2000000;1670
ROSB;D;20210112;00:00:00;78.8000000;2680
ROSB;D;20210113;00:00:00;79.0000000;1240
ROSB;D;20210114;00:00:00;78.0000000;420
ROSB;D;20210115;00:00:00;78.8000000;6120
ROSB;D;20210118;00:00:00;78.4000000;1920
ROSB;D;20210119;00:00:00;78.8000000;140
ROSB;D;20210120;00:00:00;79.0000000;1340
ROSB;D;20210121;00:00:00;77.2000000;1490
ROSB;D;20210122;00:00:00;77.8000000;1850
ROSB;D;20210125;00:00:00;80.2000000;8520
ROSB;D;20210126;00:00:00;80.0000000;9210
ROSB;D;20210127;00:00:00;79.4000000;10020
ROSB;D;20210128;00:00:00;80.8000000;2280
ROSB;D;20210129;00:00:00;78.8000000;4430
ROSB;D;20210201;00:00:00;79.0000000;12020
ROSB;D;20210202;00:00:00;79.2000000;4190
ROSB;D;20210203;00:00:00;78.6000000;740
ROSB;D;20210204;00:00:00;79.6000000;1100
ROSB;D;20210205;00:00:00;80.0000000;1930
ROSB;D;20210208;00:00:00;80.0000000;7190
ROSB;D;20210209;00:00:00;79.4000000;2290
ROSB;D;20210210;00:00:00;79.4000000;990
ROSB;D;20210211;00:00:00;79.4000000;390
ROSB;D;20210212;00:00:00;78.4000000;1470
ROSB;D;20210215;00:00:00;79.2000000;950
ROSB;D;20210216;00:00:00;79.2000000;250
ROSB;D;20210217;00:00:00;78.8000000;270
ROSB;D;20210218;00:00:00;78.4000000;1260
ROSB;D;20210219;00:00:00;78.6000000;1580
ROSB;D;20210220;00:00:00;78.0000000;5350
ROSB;D;20210222;00:00:00;78.6000000;5240
ROSB;D;20210224;00:00:00;78.8000000;360
ROSB;D;20210225;00:00:00;79.4000000;1410
ROSB;D;20210226;00:00:00;78.4000000;1460
ROSB;D;20210301;00:00:00;78.6000000;700
ROSB;D;20210302;00:00:00;78.4000000;640
ROSB;D;20210303;00:00:00;79.2000000;2280
ROSB;D;20210304;00:00:00;79.2000000;2180
ROSB;D;20210305;00:00:00;78.8000000;2430
ROSB;D;20210309;00:00:00;79.0000000;1750
ROSB;D;20210310;00:00:00;79.2000000;1670
ROSB;D;20210311;00:00:00;79.4000000;1560
ROSB;D;20210312;00:00:00;78.4000000;7480
ROSB;D;20210315;00:00:00;78.4000000;1260
ROSB;D;20210316;00:00:00;78.4000000;830
ROSB;D;20210317;00:00:00;78.6000000;570
ROSB;D;20210318;00:00:00;78.8000000;250
ROSB;D;20210319;00:00:00;78.8000000;340
ROSB;D;20210322;00:00:00;78.4000000;220
ROSB;D;20210323;00:00:00;78.4000000;450
ROSB;D;20210324;00:00:00;77.4000000;840
ROSB;D;20210325;00:00:00;79.2000000;19190
ROSB;D;20210326;00:00:00;78.4000000;3750
ROSB;D;20210329;00:00:00;79.4000000;1920
ROSB;D;20210330;00:00:00;78.4000000;5610
ROSB;D;20210331;00:00:00;79.8000000;1110
ROSB;D;20210401;00:00:00;79.0000000;3830
ROSB;D;20210402;00:00:00;78.8000000;1150
ROSB;D;20210405;00:00:00;80.8000000;15530
ROSB;D;20210406;00:00:00;78.8000000;11120
ROSB;D;20210407;00:00:00;79.0000000;2170
ROSB;D;20210408;00:00:00;79.0000000;1170
ROSB;D;20210409;00:00:00;79.6000000;1200
ROSB;D;20210412;00:00:00;79.8000000;1450
ROSB;D;20210413;00:00:00;79.6000000;390
ROSB;D;20210414;00:00:00;79.8000000;3170
ROSB;D;20210415;00:00:00;79.8000000;90
ROSB;D;20210416;00:00:00;79.0000000;390
ROSB;D;20210419;00:00:00;79.8000000;680
ROSB;D;20210420;00:00:00;78.4000000;890
ROSB;D;20210421;00:00:00;79.0000000;320
ROSB;D;20210422;00:00:00;79.0000000;240
ROSB;D;20210423;00:00:00;79.2000000;1730
ROSB;D;20210426;00:00:00;79.4000000;1860
ROSB;D;20210427;00:00:00;79.2000000;360
ROSB;D;20210428;00:00:00;78.8000000;130
ROSB;D;20210429;00:00:00;78.8000000;60
ROSB;D;20210430;00:00:00;78.8000000;130
ROSB;D;20210504;00:00:00;79.0000000;820
ROSB;D;20210505;00:00:00;78.8000000;1050
ROSB;D;20210506;00:00:00;79.2000000;530
ROSB;D;20210507;00:00:00;78.8000000;440
ROSB;D;20210510;00:00:00;79.4000000;2240
ROSB;D;20210511;00:00:00;79.4000000;250
ROSB;D;20210512;00:00:00;79.4000000;390
ROSB;D;20210513;00:00:00;84.2000000;46500
ROSB;D;20210514;00:00:00;81.6000000;14710
ROSB;D;20210517;00:00:00;81.2000000;7600
ROSB;D;20210518;00:00:00;81.2000000;7340
ROSB;D;20210519;00:00:00;79.2000000;2920
ROSB;D;20210520;00:00:00;79.6000000;4640
ROSB;D;20210521;00:00:00;79.8000000;2250
ROSB;D;20210524;00:00:00;79.2000000;1840
ROSB;D;20210525;00:00:00;79.0000000;1090
ROSB;D;20210526;00:00:00;79.6000000;230
ROSB;D;20210527;00:00:00;79.4000000;330
ROSB;D;20210528;00:00:00;78.2000000;13200
ROSB;D;20210531;00:00:00;79.0000000;1850
ROSB;D;20210601;00:00:00;79.0000000;70
ROSB;D;20210602;00:00:00;79.0000000;250
ROSB;D;20210603;00:00:00;79.6000000;6210
ROSB;D;20210604;00:00:00;79.4000000;750
ROSB;D;20210607;00:00:00;78.8000000;850
ROSB;D;20210608;00:00:00;78.6000000;1010
ROSB;D;20210609;00:00:00;78.4000000;550
ROSB;D;20210610;00:00:00;78.4000000;530
ROSB;D;20210611;00:00:00;78.8000000;380
ROSB;D;20210614;00:00:00;79.0000000;90
ROSB;D;20210615;00:00:00;78.6000000;2360
ROSB;D;20210616;00:00:00;78.4000000;5230
ROSB;D;20210617;00:00:00;78.4000000;2320
ROSB;D;20210618;00:00:00;78.8000000;710
ROSB;D;20210621;00:00:00;78.8000000;270
ROSB;D;20210622;00:00:00;78.2000000;160
ROSB;D;20210623;00:00:00;78.8000000;190
ROSB;D;20210624;00:00:00;78.0000000;260
ROSB;D;20210625;00:00:00;78.8000000;830
ROSB;D;20210628;00:00:00;78.0000000;1040
ROSB;D;20210629;00:00:00;78.4000000;170
ROSB;D;20210630;00:00:00;78.6000000;120
ROSB;D;20210701;00:00:00;78.0000000;480
ROSB;D;20210702;00:00:00;78.0000000;90
ROSB;D;20210705;00:00:00;78.0000000;360
ROSB;D;20210706;00:00:00;78.0000000;100
ROSB;D;20210707;00:00:00;78.2000000;430
ROSB;D;20210708;00:00:00;78.2000000;1170
ROSB;D;20210709;00:00:00;78.0000000;1450
ROSB;D;20210712;00:00:00;78.0000000;300
ROSB;D;20210713;00:00:00;77.6000000;270
ROSB;D;20210714;00:00:00;77.6000000;320
ROSB;D;20210715;00:00:00;77.6000000;50
ROSB;D;20210716;00:00:00;78.2000000;850
ROSB;D;20210719;00:00:00;77.2000000;2470
ROSB;D;20210720;00:00:00;77.0000000;220
ROSB;D;20210721;00:00:00;77.6000000;140
ROSB;D;20210722;00:00:00;78.2000000;1110
ROSB;D;20210723;00:00:00;78.8000000;2550
ROSB;D;20210726;00:00:00;78.8000000;7380
ROSB;D;20210727;00:00:00;79.2000000;1330
ROSB;D;20210728;00:00:00;79.2000000;150
ROSB;D;20210729;00:00:00;78.8000000;50
ROSB;D;20210730;00:00:00;78.4000000;1000
ROSB;D;20210802;00:00:00;78.8000000;150
ROSB;D;20210803;00:00:00;78.8000000;910
ROSB;D;20210804;00:00:00;79.4000000;820
ROSB;D;20210805;00:00:00;79.4000000;320
ROSB;D;20210806;00:00:00;79.2000000;160
ROSB;D;20210809;00:00:00;79.4000000;2240
ROSB;D;20210810;00:00:00;79.0000000;950
ROSB;D;20210811;00:00:00;78.6000000;630
ROSB;D;20210812;00:00:00;79.4000000;780
ROSB;D;20210813;00:00:00;78.8000000;1440
ROSB;D;20210816;00:00:00;79.0000000;130
ROSB;D;20210817;00:00:00;79.0000000;230
ROSB;D;20210818;00:00:00;78.4000000;1770
ROSB;D;20210819;00:00:00;78.0000000;620
ROSB;D;20210820;00:00:00;78.0000000;490
ROSB;D;20210823;00:00:00;78.6000000;580
ROSB;D;20210824;00:00:00;79.4000000;1920
ROSB;D;20210825;00:00:00;80.8000000;9800
ROSB;D;20210826;00:00:00;80.0000000;19090
ROSB;D;20210827;00:00:00;79.6000000;1180
ROSB;D;20210830;00:00:00;79.2000000;1220
ROSB;D;20210831;00:00:00;79.2000000;320
ROSB;D;20210901;00:00:00;79.0000000;1100
ROSB;D;20210902;00:00:00;79.0000000;3880
ROSB;D;20210903;00:00:00;79.0000000;410
ROSB;D;20210906;00:00:00;78.6000000;1490
ROSB;D;20210907;00:00:00;78.6000000;850
ROSB;D;20210908;00:00:00;78.4000000;880
ROSB;D;20210909;00:00:00;78.4000000;180
ROSB;D;20210910;00:00:00;79.0000000;1620
ROSB;D;20210913;00:00:00;78.4000000;420
ROSB;D;20210914;00:00:00;77.8000000;1230
ROSB;D;20210915;00:00:00;77.8000000;600
ROSB;D;20210916;00:00:00;78.4000000;150
ROSB;D;20210917;00:00:00;78.0000000;1200
ROSB;D;20210920;00:00:00;78.4000000;230
ROSB;D;20210921;00:00:00;78.0000000;450
ROSB;D;20210922;00:00:00;78.0000000;180
ROSB;D;20210923;00:00:00;78.0000000;450
ROSB;D;20210924;00:00:00;77.8000000;770
ROSB;D;20210927;00:00:00;78.2000000;7290
ROSB;D;20210928;00:00:00;79.6000000;51270
ROSB;D;20210929;00:00:00;78.4000000;13180
ROSB;D;20210930;00:00:00;79.2000000;4240
ROSB;D;20211001;00:00:00;78.0000000;3670
ROSB;D;20211004;00:00:00;80.0000000;13320
ROSB;D;20211005;00:00:00;82.6000000;11480
ROSB;D;20211006;00:00:00;82.0000000;1770
ROSB;D;20211007;00:00:00;82.0000000;1940
ROSB;D;20211008;00:00:00;82.8000000;910
ROSB;D;20211011;00:00:00;82.0000000;940
ROSB;D;20211012;00:00:00;81.4000000;660
ROSB;D;20211013;00:00:00;79.6000000;2570
ROSB;D;20211014;00:00:00;81.6000000;16080
ROSB;D;20211015;00:00:00;80.6000000;9880
ROSB;D;20211018;00:00:00;80.2000000;1270
ROSB;D;20211019;00:00:00;79.8000000;2510
ROSB;D;20211020;00:00:00;80.4000000;4300
ROSB;D;20211021;00:00:00;80.2000000;1710
ROSB;D;20211022;00:00:00;80.4000000;1450
ROSB;D;20211025;00:00:00;79.6000000;680
ROSB;D;20211026;00:00:00;80.2000000;190
ROSB;D;20211027;00:00:00;79.8000000;250
ROSB;D;20211028;00:00:00;79.2000000;230
ROSB;D;20211029;00:00:00;79.0000000;330
ROSB;D;20211101;00:00:00;79.2000000;260
ROSB;D;20211102;00:00:00;80.2000000;580
ROSB;D;20211103;00:00:00;79.8000000;590
ROSB;D;20211105;00:00:00;79.2000000;420
ROSB;D;20211108;00:00:00;79.8000000;870
ROSB;D;20211109;00:00:00;79.6000000;2490
ROSB;D;20211110;00:00:00;79.2000000;180
ROSB;D;20211111;00:00:00;78.8000000;600
ROSB;D;20211112;00:00:00;79.4000000;1560
ROSB;D;20211115;00:00:00;79.6000000;1120
ROSB;D;20211116;00:00:00;79.4000000;230
ROSB;D;20211117;00:00:00;78.8000000;4940
ROSB;D;20211118;00:00:00;78.4000000;25400
ROSB;D;20211119;00:00:00;79.0000000;1710
ROSB;D;20211122;00:00:00;78.0000000;1120
ROSB;D;20211123;00:00:00;78.0000000;1770
ROSB;D;20211124;00:00:00;78.0000000;770
ROSB;D;20211125;00:00:00;78.2000000;140
ROSB;D;20211126;00:00:00;77.2000000;990
ROSB;D;20211129;00:00:00;77.2000000;2210
ROSB;D;20211130;00:00:00;77.4000000;130
ROSB;D;20211201;00:00:00;77.8000000;150
ROSB;D;20211202;00:00:00;77.8000000;120
ROSB;D;20211203;00:00:00;77.0000000;160
ROSB;D;20211206;00:00:00;77.2000000;120
ROSB;D;20211207;00:00:00;77.4000000;180
ROSB;D;20211208;00:00:00;76.8000000;380
ROSB;D;20211209;00:00:00;76.6000000;670
ROSB;D;20211210;00:00:00;76.0000000;200
ROSB;D;20211213;00:00:00;75.2000000;1400
ROSB;D;20211214;00:00:00;75.0000000;180
ROSB;D;20211215;00:00:00;75.6000000;190
ROSB;D;20211216;00:00:00;77.6000000;260
ROSB;D;20211217;00:00:00;76.0000000;100
ROSB;D;20211220;00:00:00;75.8000000;370
ROSB;D;20211221;00:00:00;75.6000000;80
ROSB;D;20211222;00:00:00;75.2000000;700
ROSB;D;20211223;00:00:00;75.0000000;210
ROSB;D;20211224;00:00:00;74.0000000;570
ROSB;D;20211227;00:00:00;76.8000000;1580
ROSB;D;20211228;00:00:00;74.4000000;4150
ROSB;D;20211229;00:00:00;74.8000000;170
ROSB;D;20211230;00:00:00;76.0000000;190
ROSB;D;20220103;00:00:00;75.6000000;150
ROSB;D;20220104;00:00:00;76.0000000;1790
ROSB;D;20220105;00:00:00;76.0000000;770
ROSB;D;20220106;00:00:00;75.8000000;150
ROSB;D;20220110;00:00:00;76.6000000;480
ROSB;D;20220111;00:00:00;75.0000000;540
ROSB;D;20220112;00:00:00;76.0000000;170
